source_row,customerID,split
872,1764-VUUMT,train
4583,2400-XIWIO,train
4216,2990-IAJSV,train
1970,5445-UTODQ,train
6240,6521-YYTYI,train
239,9227-UAQFT,train
170,7654-YWJUF,train
3664,6257-RJOHI,train
2545,0654-PQKDW,train
3442,0468-YRPXN,train
3968,7463-IFMQU,train
3897,8015-IHCGW,train
3450,0100-DUVFC,train
6210,1042-HFUCW,train
5277,0345-HKJVM,train
6258,5066-GFJMM,train
183,5524-KHNJP,train
4610,2889-FPWRM,train
4070,0531-ZZJWQ,train
4604,8065-BVEPF,train
5644,9444-JTXHZ,train
5623,9115-YQHGA,train
4948,3446-QDSZF,train
3733,0191-EQUUH,train
3870,1099-BTKWT,train
454,4785-FCIFB,train
1250,6766-HFKLA,train
343,9639-BUJXT,train
4844,5177-RVZNU,train
1843,3173-WSSUE,train
644,8404-VLQFB,train
3331,7644-OMVMY,train
6854,9700-ZCLOT,train
1192,1579-KLYDT,train
1893,3466-WAESX,train
574,6030-REHUX,train
4922,7839-NUIAA,train
3122,8395-ETZKQ,train
3570,6696-YDAYZ,train
4170,0906-QVPMS,train
471,3583-EKAPL,train
2010,3074-GQWYX,train
5221,5336-UFNZP,train
2003,1447-PJGGA,train
4092,0670-KDOMA,train
5473,1208-NBVFH,train
2165,5039-LZRQT,train
5825,1363-TXLSL,train
1867,0923-PNFUB,train
3198,8564-LDKFL,train
768,8728-SKJLR,train
589,0795-LAFGP,train
932,5787-KXGIY,train
729,2753-JMMCV,train
716,0114-IGABW,train
1391,9885-AIBVB,train
1705,4918-FYJNT,train
4275,2692-PFYTJ,train
6593,4701-AHWMW,train
2087,3806-DXQOM,train
2359,2616-UUTFK,train
850,6007-TCTST,train
6569,2229-DPMBI,train
477,4431-EDMIQ,train
2565,7996-BPXHY,train
6242,8265-HKSOW,train
338,7982-VCELR,train
5009,0052-DCKON,train
4902,5092-STPKP,train
3381,8879-ZKJOF,train
2063,7833-PKIHD,train
1524,1656-DRSMG,train
5658,2371-JQHZZ,train
3825,3620-EHIMZ,train
6949,3648-GZPHF,train
5727,8707-HOEDG,train
2532,9825-YCXWZ,train
4998,8920-NAVAY,train
5516,6923-EFPNL,train
5301,2082-OJVTK,train
1916,4720-VSTSI,train
1519,7881-EVUAD,train
3627,3243-ZHOHY,train
6734,8182-PNAGI,train
1415,5223-UZAVK,train
3468,0247-SLUJI,train
4213,3683-QKIUE,train
5732,1580-BMCMR,train
6748,6230-BSUXY,train
1742,5318-IXUZF,train
6831,9451-LPGOO,train
810,2239-JALAW,train
5978,0239-OXEXL,train
6356,3587-PMCOY,train
6163,3427-GGZZI,train
4764,2962-XPMCQ,train
4673,6402-ZFPPI,train
5461,1221-GHZEP,train
4592,1897-RCFUM,train
1583,2720-FVBQP,train
2199,8532-UEFWH,train
4090,1453-RZFON,train
5975,1522-VVDMG,train
236,0621-JFHOL,train
6074,3797-VTIDR,train
41,9489-DEDVP,train
6566,3795-CAWEX,train
5439,5959-BELXA,train
6580,7696-AMHOD,train
6674,6258-NGCNG,train
6369,6734-FQAJX,train
7026,8775-CEBBJ,train
6662,6810-VCAEX,train
3673,1723-HKXJQ,train
250,4075-JFPGR,train
3354,7029-IJEJK,train
5881,3229-USWAR,train
3260,4183-WCSEP,train
97,0278-YXOOG,train
194,2146-EGVDT,train
722,4952-YSOGZ,train
3625,1591-XWLGB,train
292,2294-SALNE,train
6158,3845-FXCYS,train
4800,9300-AGZNL,train
1738,8646-JCOMS,train
5266,2027-DNKIV,train
1359,7943-RQCHR,train
6241,8878-HMWBV,train
4292,2091-RFFBA,train
5932,4192-GORJT,train
5716,8903-XEBGX,train
2000,7020-OZKXZ,train
3001,4568-TTZRT,train
6903,9609-BENEA,train
2220,2234-EOFPT,train
6899,3926-CUQZX,train
2058,0744-BIKKF,train
459,1452-VOQCH,train
4211,2034-CGRHZ,train
3018,4176-RELJR,train
1525,3012-VFFMN,train
3545,6212-ATMLK,train
5535,2404-JIBFC,train
2048,9961-JBNMK,train
3895,4979-HPRFL,train
6322,8752-STIVR,train
2864,1564-HJUVY,train
2654,2725-KXXWT,train
6838,2025-JKFWI,train
1912,0129-QMPDR,train
159,7554-NEWDD,train
6132,3896-RCYYE,train
5042,1561-BWHIN,train
2092,2251-PYLPB,train
4031,8309-PPCED,train
3597,7011-CVEUC,train
2089,3933-DQPWX,train
4398,4915-BFSXL,train
3556,0895-LNKRC,train
2834,4518-FZBSX,train
1109,3391-JSQEW,train
24,6322-HRPFA,train
5522,2619-WFQWU,train
3612,0491-KAPQG,train
2772,3470-OBUET,train
1498,0529-ONKER,train
2916,4139-JPIAM,train
4832,6478-HRRCZ,train
576,5150-LJNSR,train
2237,2212-LYASK,train
2492,9206-GVPEQ,train
1169,1282-IHQAC,train
4308,7504-UWHNB,train
5223,1241-EZFMJ,train
6985,6967-PEJLL,train
4141,8450-UYIBU,train
7008,1980-KXVPM,train
376,6158-HDPXZ,train
2184,4695-WJZUE,train
6813,0617-AQNWT,train
1427,6896-SRVYQ,train
1071,3097-NNSPB,train
1772,7198-GLXTC,train
322,8705-WZCYL,train
1609,3584-WKTTW,train
3455,7274-RTAPZ,train
5476,6060-DRTNL,train
922,4301-VVZKA,train
6432,8221-EQDGL,train
5035,3955-JBZZM,train
5361,2495-TTHBQ,train
1839,9350-ZXYJC,train
6598,6169-PGNCD,train
5061,4135-FRWKJ,train
5235,4299-SIMNS,train
1333,0121-SNYRK,train
6082,4523-WXCEF,train
5505,4776-XSKYQ,train
1612,3092-IGHWF,train
4124,3452-GWUIN,train
5986,5271-DBYSJ,train
4347,4366-CTOUZ,train
3262,5498-TXHLF,train
5337,6705-LNMDD,train
5127,8199-ZLLSA,train
2759,1194-SPVSP,train
2456,5968-HYJRZ,train
4218,9027-YFHQJ,train
1801,2178-PMGCJ,train
2120,5793-YOLJN,train
5838,9822-BIIGN,train
2633,4837-QUSFT,train
5351,5649-VUKMC,train
5442,2481-SBOYW,train
5201,6202-JVYEU,train
20,8779-QRDMV,train
3932,1304-NECVQ,train
3789,0310-VQXAM,train
1265,1004-NOZNR,train
3587,6210-KBBPI,train
681,7501-IWUNG,train
5690,0336-KXKFK,train
1672,4737-AQCPU,train
5791,7233-DRTRF,train
5478,3374-TTZTK,train
5479,8990-ZXLSU,train
555,5791-KAJFD,train
6278,7208-PSIHR,train
6189,4718-WXBGI,train
4516,4077-HWUYD,train
6906,9945-PSVIP,train
3723,7010-ZMVBF,train
3159,5150-ITWWB,train
5536,0778-NELLA,train
4383,1088-CNNKB,train
570,7293-LSCDV,train
2475,0320-DWVTU,train
6801,6668-CNMFP,train
6924,6457-GIRWB,train
2046,2538-OIMXF,train
3677,6656-JWRQX,train
5525,1333-PBMXB,train
3147,8903-WMRNW,train
3561,5998-VVEJY,train
4348,6121-VZNQB,train
3241,3148-BLQJT,train
834,9231-ZJYAM,train
1350,4102-HLENU,train
1966,3723-BFBGR,train
3423,2947-DOMLJ,train
5484,4419-UJMUS,train
2529,0022-TCJCI,train
5003,1867-BDVFH,train
3308,2706-QZIHY,train
6972,6664-FPDAC,train
6806,4933-BSAIP,train
4203,4291-YZODP,train
3643,9451-WLYRI,train
5503,1757-TCATG,train
6712,1785-BPHTP,train
394,3951-NJCVI,train
2982,5266-PFRQK,train
1662,2058-DCJBE,train
5039,4713-LZDRV,train
571,7025-WCBNE,train
4760,3569-VLDHH,train
2392,3771-PZOBW,train
1790,3096-IZETN,train
3169,4578-PHJYZ,train
2250,0829-DDVLK,train
6365,8884-ADFVN,train
5282,3049-SOLAY,train
428,4360-PNRQB,train
6638,4990-ALDGW,train
3133,3181-VTHOE,train
1102,8824-RWFXJ,train
4860,7321-ZNSLA,train
3420,8663-UPDGF,train
6990,0376-OIWME,train
5614,3301-VKTGC,train
6742,1960-UOTYM,train
5655,5666-MBJPT,train
6197,1585-MQSSU,train
949,6169-PPETC,train
2308,3324-OIRTO,train
4429,3486-HOOGQ,train
1015,3863-IUBJR,train
1228,2040-VZIKE,train
3138,5077-DXTCG,train
2990,2309-OSFEU,train
3380,5178-LMXOP,train
5327,1270-XKUCC,train
3816,4304-XUMGI,train
1269,8480-PPONV,train
4802,9972-NKTFD,train
3224,4013-UBXWQ,train
4418,0378-XSZPU,train
3307,0253-ZTEOB,train
2181,1136-XGEQU,train
5395,9095-HFAFX,train
3219,3896-ZVNET,train
5631,6542-LWGXJ,train
1092,8590-YFFQO,train
1727,5136-RGMZO,train
3237,6734-JDTTV,train
5875,2296-DKZFP,train
5888,8610-WFCJF,train
5999,6733-LRIZX,train
2870,1400-WIVLL,train
1358,9272-LSVYH,train
840,0727-BMPLR,train
6293,7977-HXJKU,train
3695,6088-BXMRG,train
6061,3920-HIHMQ,train
4270,2167-FQSTQ,train
1318,1907-YLNYW,train
143,2636-SJDOU,train
889,7549-MYGPK,train
2494,1596-BBVTG,train
1826,6908-VVYHM,train
2149,2014-MKGMH,train
5383,2362-IBOOY,train
2746,5480-XTFFL,train
3404,6693-DJWTY,train
3203,5879-HMFFH,train
6769,9916-AYHTC,train
5239,2056-EVGZL,train
6065,4458-KVRBJ,train
5446,6141-OOXUQ,train
5260,2495-KZNFB,train
5625,8963-MQVYN,train
63,0557-ASKVU,train
3079,2141-RRYGO,train
5560,1346-PJWTK,train
3183,7890-VYYWG,train
3114,0867-LDTTC,train
106,6728-DKUCO,train
3303,7786-WBJYI,train
5662,3244-DCJWY,train
3669,2587-EKXTS,train
134,2372-HWUHI,train
599,0374-FIUCA,train
1450,1735-XMJVH,train
6744,6500-JVEGC,train
5122,4353-HYOJD,train
4195,1768-HNVGJ,train
3539,2219-MVUSO,train
3572,1730-ZMAME,train
743,4018-PPNDW,train
5090,6502-HCJTI,train
5027,3247-ZVOUO,train
986,2604-XVDAM,train
3012,2160-GPFXD,train
671,3088-FVYWK,train
6950,2075-RMJIK,train
5356,5701-GUXDC,train
3944,4537-CIBHB,train
1024,7147-AYBAA,train
742,5138-WVKYJ,train
4106,9189-JWSHV,train
2014,4418-LZMSV,train
641,4580-TMHJU,train
1797,0839-QNXME,train
4569,7639-SUPCW,train
698,9978-HYCIN,train
146,6837-BJYDQ,train
1254,9220-ZNKJI,train
2051,5346-BZCHP,train
2269,0151-ONTOV,train
4704,1928-BXYIV,train
2354,9424-CMPOG,train
251,4629-NRXKX,train
4033,5196-WPYOW,train
5792,3500-RMZLT,train
2812,3763-GCZHZ,train
1616,6518-PPLMZ,train
388,8782-LKFPK,train
2684,5440-VHLUL,train
6927,4710-NKCAW,train
2176,2626-VEEWG,train
4449,2001-EWBQU,train
4104,3345-PBBFH,train
2373,5498-IBWPI,train
4445,3134-DSHVC,train
2843,9371-BITHB,train
887,1258-YMZNM,train
395,2977-CEBSX,train
2395,6486-LHTMA,train
4470,8242-JSVBO,train
3748,6339-RZCBJ,train
5549,0329-GTIAJ,train
6728,2380-DAMQP,train
5529,5919-VCZYM,train
1841,8958-JPTRR,train
1021,3422-WJOYD,train
2335,3113-IWHLC,train
2430,1821-BUCWY,train
1164,4782-OSFXZ,train
1554,9313-QOLTZ,train
3691,2150-WLKUW,train
6249,7823-JSOAG,train
3983,1334-FJSVR,train
4524,3934-HXCFZ,train
1589,7351-KYHQH,train
758,2189-WWOEW,train
5983,0212-ISBBF,train
2405,2929-ERCFZ,train
1881,4524-QCSSM,train
654,4160-AMJTL,train
5224,9233-PSYHO,train
2541,0739-UUAJR,train
1347,5469-NUJUR,train
864,4124-MMETB,train
3557,2045-BMBTJ,train
1955,0701-RFGFI,train
6750,2144-ESWKO,train
4404,1307-ATKGB,train
6524,2754-VDLTR,train
786,4992-LTJNE,train
4739,3088-LHEFH,train
6203,1090-PYKCI,train
896,8975-SKGRX,train
4393,2057-ZBLPD,train
6370,2869-ADAWR,train
2771,6366-XIVKZ,train
849,7408-OFWXJ,train
5384,3137-LUPIX,train
3452,8950-MTZNV,train
5855,2338-BQEZT,train
2839,5465-BUBFA,train
1542,9798-OPFEM,train
3766,4201-JMNGR,train
2045,7519-JTWQH,train
2639,2433-KMEAS,train
43,4671-VJLCL,train
4010,3727-JEZTU,train
1354,9415-DPEWS,train
4147,3836-FZSDJ,train
873,5073-WXOYN,train
5371,0877-SDMBN,train
2321,9776-OJUZI,train
642,0970-ETWGE,train
6826,7976-CICYS,train
5140,7577-SWIFR,train
12,8091-TTVAX,train
3052,5151-HQRDG,train
3472,4840-ORQXB,train
2731,1110-KYLGQ,train
934,4198-VFOEA,train
3365,3865-ZFZIB,train
3218,6869-FGJJC,train
1958,3737-XBQDD,train
1201,6789-HJBWG,train
1784,5687-DKDTV,train
6034,7353-YOWFP,train
6525,2400-FEQME,train
3882,9348-YVOMK,train
6176,0475-RIJEP,train
6149,3069-SSVSN,train
4729,6522-OIQSX,train
3034,7120-RFMVS,train
5107,9633-DENPU,train
3375,3642-BYHDO,train
5944,5995-OIGLP,train
1561,1157-BQCUW,train
6033,6595-YGXIT,train
173,0691-JVSYA,train
452,8847-GEOOQ,train
6352,2347-WKKAE,train
5108,7811-JIVPF,train
2348,2683-JXWQQ,train
5835,4641-FROLU,train
6978,6439-PKTRR,train
6841,8217-QYOHV,train
4356,3806-YAZOV,train
5616,9555-SAHUZ,train
4045,3677-TNKIO,train
2714,6838-YAUVY,train
2666,8414-OOEEL,train
4644,5701-ZIKJE,train
6796,8450-JOVAH,train
4547,5339-TJFEK,train
3227,7669-LCRSD,train
1522,5766-XQXMQ,train
5850,6927-WTFIV,train
961,4378-BZYFP,train
1577,9254-RBFON,train
4978,4855-SNKMY,train
612,2804-ETQDK,train
2690,2397-BRLOM,train
962,9489-UTFKA,train
4501,5006-MXVRN,train
5326,5688-KZTSN,train
4368,1704-NRWYE,train
4125,2716-GFZOR,train
1819,6701-DHKWQ,train
6316,8946-BFWSG,train
2500,0679-TDGAK,train
550,3580-HYCSP,train
1406,9337-SRRNI,train
1421,5357-TZHPP,train
2185,7619-ODSGN,train
416,4686-GEFRM,train
6319,8904-OPDCK,train
2231,2482-CZGBB,train
85,4445-ZJNMU,train
6979,5351-QESIO,train
2270,4140-MUHUG,train
5319,9866-OCCKE,train
2713,5996-DAOQL,train
2187,8879-XUAHX,train
5379,6284-KMNUF,train
5243,7661-CPURM,train
2065,5153-RTHKF,train
5272,8780-IXSTS,train
1331,7537-RBWEA,train
1671,1442-OKRJE,train
7015,0666-UXTJO,train
3038,5897-ZYEKH,train
829,5337-IIWKZ,train
3531,4311-QTTAI,train
6347,7718-RXDGG,train
5863,7969-AULMZ,train
746,6919-ELBGL,train
2379,3757-NJYBX,train
7035,8456-QDAVC,train
4934,2272-WUSPA,train
4276,1226-UDFZR,train
4246,5153-LXKDT,train
5877,6777-TGHTM,train
1083,9878-TNQGW,train
1124,8791-GFXLZ,train
880,9851-KIELU,train
2427,7854-FOKSF,train
5143,5204-HMGYF,train
1337,6265-FRMTQ,train
4307,6899-PPEEA,train
113,4846-WHAFZ,train
2284,8963-JLGJT,train
3186,3457-PQBYH,train
6423,0480-KYJVA,train
4187,2642-MAWLJ,train
1348,1184-PJVDB,train
7031,3605-JISKB,train
6767,7672-VFMXZ,train
1895,3638-VBZTA,train
6668,2832-KJCRD,train
4025,2984-MIIZL,train
64,5698-BQJOH,train
877,7876-AEHIG,train
4529,0423-UDIJQ,train
6287,3223-WZWJM,train
3959,8788-DOXSU,train
6531,4923-ADWXJ,train
6052,2516-XSJKX,train
6676,5274-XHAKY,train
1941,9261-WDCAF,train
2134,8974-OVACP,train
263,7605-BDWDC,train
3806,0650-BWOZN,train
5008,9150-KPBJQ,train
5303,9839-ETQOE,train
295,8203-XJZRC,train
6637,1122-YJBCS,train
7034,0639-TSIQW,train
5186,3776-EKTKM,train
2594,3096-YXENJ,train
6555,8969-PRHFK,train
6886,7234-FECYN,train
4866,3688-FTHLT,train
4912,5281-BUZGT,train
2296,4706-DGAHW,train
2274,0320-JDNQG,train
2613,0137-OCGAB,train
3135,4803-AXVYP,train
1501,5014-GSOUQ,train
993,9108-EQPNQ,train
3247,8853-TZDGH,train
1365,7721-JXEAW,train
3259,9620-ENEJV,train
5275,9530-EHPOH,train
6004,6736-DHUQI,train
409,7989-CHGTL,train
5207,9381-NDKME,train
2741,1724-BQUHA,train
371,0259-GBZSH,train
4584,7524-VRLPL,train
6956,2451-YMUXS,train
4537,1100-DDVRV,train
6383,2335-GSODA,train
4000,0420-HLGXF,train
3674,7825-GKXMW,train
3903,5206-XZZQI,train
6110,5438-QMDDL,train
5793,3873-NFTGI,train
2486,1174-FGIFN,train
517,6705-LXORM,train
1282,6260-ONULR,train
5188,1028-FFNJK,train
2441,9050-IKDZA,train
3616,8707-RMEZH,train
2724,4636-TVXVG,train
2125,8311-UEUAB,train
3366,1855-AGAWH,train
2088,6784-XYJAE,train
5865,2621-UDNLU,train
4542,9029-FEGVJ,train
2094,1057-FOGLZ,train
562,3701-SFMUH,train
2116,4349-GFQHK,train
1904,3143-ILDAL,train
4649,5172-RKOCB,train
513,8677-HDZEE,train
3090,2386-LAHRK,train
6665,1395-OFUWC,train
6977,2843-CQMEG,train
5615,1493-AMTIE,train
4134,3005-TYFRD,train
6715,1173-XZPYF,train
3190,3745-HRPHI,train
1275,5095-ETBRJ,train
4463,4603-JANFB,train
6938,5996-EBTKM,train
2740,0415-MOSGF,train
1550,9957-YODKZ,train
2793,3904-UKFRE,train
2086,2955-BJZHG,train
6157,6776-TLWOI,train
1096,4646-QZXTF,train
6500,9236-NDUCW,train
6331,1929-ZCBHE,train
329,2739-CACDQ,train
2109,3521-HTQTV,train
3535,3612-YUNGG,train
5949,8756-RDDLT,train
597,5172-MIGPM,train
342,7520-HQWJU,train
4918,6582-PLFUU,train
5837,2969-QWUBZ,train
1965,3948-XHGNA,train
6337,2696-ECXKC,train
4226,3519-ZKXGG,train
189,8017-UVSZU,train
2239,8069-RHUXK,train
3405,0744-GKNGE,train
120,1091-SOZGA,train
1773,2007-QVGAW,train
1956,0019-EFAEP,train
6174,8650-RHRKE,train
6820,6300-BWMJX,train
6884,7384-GHBPI,train
5168,6000-APYLU,train
6708,2272-QAGFO,train
2989,3308-MHOOC,train
1621,6352-TWCAU,train
6631,2108-GLPQB,train
5820,1752-OZXFY,train
842,1038-ZAGBI,train
6871,4070-OKWVH,train
3456,0436-TWFFZ,train
1226,7115-IRDHS,train
5146,3797-FKOGQ,train
2160,7101-HRBLJ,train
2935,9435-JMLSX,train
4007,1073-XXCZD,train
420,2233-FAGXV,train
2228,3597-YASZG,train
6053,0057-QBUQH,train
5228,3589-PPVKW,train
760,4013-GUXND,train
333,0122-OAHPZ,train
4427,5278-PNYOX,train
6847,8930-XOTDP,train
4009,4006-HKYHO,train
2833,5993-JSUWV,train
5126,4188-FRABG,train
6389,3777-XROBG,train
658,4464-JCOLN,train
4586,7569-NMZYQ,train
401,9442-JTWDL,train
3894,5989-AXPUC,train
1382,4538-WNTMJ,train
2346,0020-INWCK,train
4171,9025-ZRPVR,train
1887,4547-LYTDD,train
5504,6345-ULYRW,train
1298,5989-OMNJE,train
1676,0793-TWELN,train
2449,1357-MVDOZ,train
5577,4163-HFTUK,train
3754,7096-UCLNH,train
6026,4770-QAZXN,train
1646,2581-VKIRT,train
6649,4020-KIUDI,train
3905,5759-RCVCB,train
2668,6849-WLEYG,train
1007,6993-OHLXR,train
3009,8896-BQTTI,train
2235,9917-KWRBE,train
6998,0928-XUTSN,train
5612,9670-BPNXF,train
3913,8749-TZYEC,train
869,0323-XWWTN,train
1779,5091-HFAZW,train
5819,3396-DKDEL,train
629,4554-YGZIH,train
2186,5970-GHJAW,train
1190,6807-SIWJI,train
4678,3006-XIMLN,train
1534,7876-DNYAP,train
3306,9643-AVVWI,train
419,5564-NEMQO,train
6487,5998-DZLYR,train
2117,4139-DETXS,train
5466,0221-NAUXK,train
3,7795-CFOCW,train
348,6243-OZGFH,train
4765,8727-XDPUD,train
3741,2984-TBYKU,train
5918,8514-VZHEB,train
4142,2969-VAPYH,train
4626,0929-PECLO,train
1679,0999-QXNSA,train
5458,2207-OBZNX,train
950,4208-UFFGW,train
6735,6365-HITVU,train
3511,3785-KTYSH,train
2343,2637-FKFSY,train
3668,1353-GHZOS,train
4636,1269-FOYWN,train
5475,1114-CENIM,train
1122,4081-DYXAV,train
4122,4632-XJMEX,train
4206,0017-IUDMW,train
1040,1236-WFCDV,train
5860,4512-ZUIYL,train
3735,3489-HHPFY,train
6630,1226-IENZN,train
1677,3283-WCWXT,train
3969,2920-RNCEZ,train
2778,6599-GZWCM,train
2282,1587-FKLZB,train
131,6207-WIOLX,train
4745,6116-RFVHN,train
5553,6629-CZTTH,train
2034,9720-JJJOR,train
4411,3621-CHYVB,train
2763,2250-IVBWA,train
5342,3521-SYVOR,train
114,5256-SKJGO,train
2385,5156-UMKOW,train
1633,1478-VPOAD,train
4506,5329-KRDTM,train
5728,3374-LXDEV,train
4202,3146-JTQHR,train
2127,8035-BUYVG,train
2732,9929-PLVPA,train
2082,3486-KHMLI,train
2268,7205-BAIAD,train
1256,2226-ICFDO,train
5778,3090-QFUVD,train
3601,1552-CZCLL,train
1157,5268-DSMNQ,train
501,4513-CXYIX,train
1181,8399-YNDCH,train
3647,1016-DJTSV,train
5965,5975-BAICR,train
2888,7409-KIUTL,train
604,2731-GJRDG,train
6652,0827-ITJPH,train
2980,5598-IKHQQ,train
2386,1247-QBVSH,train
5993,2080-GKCWQ,train
5874,2968-SSGAA,train
3505,1335-NTIUC,train
5172,9507-HSMMZ,train
5291,1334-PDUKM,train
586,4568-KNYWR,train
6254,9933-QRGTX,train
1880,6474-FVJLC,train
575,9548-LIGTA,train
3197,3523-QRQLL,train
2953,2249-YPRNG,train
6009,6646-VRFOL,train
7002,9586-JGQKH,train
4648,9717-QEBGU,train
5542,2990-OGYTD,train
5897,0562-HKHML,train
4710,7816-VGHTO,train
491,6778-YSNIH,train
1372,9793-WECQC,train
3444,3739-YBWAB,train
6055,6599-SFQVE,train
2211,5802-ADBRC,train
3714,7306-YDSOI,train
4536,3428-XZMAZ,train
744,1635-FJFCC,train
5530,9644-KVCNC,train
6928,5306-BVTKJ,train
6883,2133-TSRRM,train
1969,5110-CHOPY,train
5654,1576-PFZIW,train
4999,1699-TLDLZ,train
6776,6120-RJKLU,train
4107,2190-PHBHR,train
564,7319-VENRZ,train
6332,4378-MYPGO,train
6583,9617-UDPEU,train
6575,2978-XXSOG,train
4241,2150-UWTFY,train
5646,5510-BOIUJ,train
1558,0637-YLETY,train
2225,1153-GNOLC,train
6313,0754-UKWQP,train
4268,5198-HQAEN,train
2776,7503-QQRVF,train
3171,8908-SLFCJ,train
3788,1725-IQNIY,train
25,6865-JZNKO,train
3199,3696-DFHHB,train
6874,4926-UMJZD,train
2866,7517-LDMPS,train
2533,5397-NSKQG,train
5713,8050-DVOJX,train
634,9411-TPQQV,train
4836,0584-BJQGZ,train
3759,7479-NITWS,train
2884,5248-RPYWW,train
2676,1872-EBWSC,train
5130,4625-EWPTF,train
6164,7779-ORAEL,train
381,6905-NIQIN,train
6808,1116-DXXDF,train
1594,6485-QXWWE,train
6814,2267-WTPYD,train
4702,6008-NAIXK,train
5689,5399-ZIMKF,train
6964,1264-FUHCX,train
3479,8229-TNIQA,train
1029,4184-TJFAN,train
2465,1740-CSDJP,train
3595,2260-USTRB,train
800,5671-RQRLP,train
3289,9626-VFRGG,train
5185,3021-VLNRJ,train
5135,1156-ZFYDO,train
5257,6029-WTIPC,train
2050,4872-JCVCA,train
1978,0602-DDUML,train
4909,3720-DBRWL,train
2857,7771-CFQRQ,train
5951,5816-QVHRX,train
2285,4307-KTUMW,train
2028,4452-ROHMO,train
5118,7621-VPNET,train
3513,4063-EIKNQ,train
5996,5656-JAMLX,train
4283,7044-YAACC,train
5050,7762-URZQH,train
2735,7693-QPEFS,train
2587,5849-ASHZJ,train
5104,1328-EUZHC,train
2262,4529-CKBCL,train
6646,8249-THVEC,train
4878,7869-ZYDST,train
1272,1257-SXUXQ,train
4853,0440-UEDAI,train
6859,3508-CFVZL,train
2522,0661-KBKPA,train
1149,8844-TONUD,train
6301,7872-RDDLZ,train
1638,8883-ANODQ,train
2174,1178-PZGAB,train
5058,1376-HHBDV,train
1188,0080-OROZO,train
6807,2030-BTZRO,train
3779,8631-NBHFZ,train
5544,9572-MTILT,train
2903,0953-LGOVU,train
6413,7739-LAXOG,train
6539,5949-HGVJL,train
3041,1406-PUQVY,train
1980,1960-UYCNN,train
5668,0147-ESWWR,train
2852,5485-ITNPC,train
5739,4199-QHJNM,train
1806,8966-KZXXA,train
1639,4690-LLKUA,train
5150,7017-VFULY,train
6299,9541-PWTWO,train
4067,9140-CZQZZ,train
77,5590-ZSKRV,train
5611,6847-KJLTS,train
1233,1299-AURJA,train
6262,0824-VWDPO,train
3865,5701-SVCWR,train
6540,5203-XEHAX,train
3296,2229-VWQJH,train
1692,1696-MZVAU,train
3986,6242-FEGFD,train
6873,6369-MCAKO,train
5411,7932-WPTDS,train
1689,0274-JKUJR,train
2517,5186-SAMNZ,train
693,2276-YDAVZ,train
5073,8050-WYBND,train
45,3714-NTNFO,train
5729,4072-IPYLT,train
4846,8993-IZEUX,train
346,2034-GDRCN,train
3527,3746-EUBYR,train
1355,5624-RYAMH,train
813,3551-GAEGL,train
4500,2830-LEWOA,train
5636,0601-WZHJF,train
3753,1816-FLZDK,train
4869,1384-RCUXW,train
4965,9239-ZBZZV,train
2473,6164-HXUGH,train
929,8812-ZRHFP,train
6335,7798-JVXYM,train
5263,9591-YVTEB,train
6526,3190-XFANI,train
36,6047-YHPVI,train
6457,2233-TXSIU,train
2493,8622-ZLFKO,train
3216,7250-EQKIY,train
5165,8062-YBDOE,train
4886,2673-ZALNP,train
5154,9874-QLCLH,train
3877,2898-LSJGD,train
4840,5730-RIITO,train
3096,3911-RSNHI,train
5376,9229-RQABD,train
4036,4054-CUMIA,train
2163,4021-RQSNY,train
5215,7845-URHJN,train
3274,2874-YXVVA,train
1952,0564-MUUQK,train
398,2519-ERQOJ,train
5348,9495-REDIY,train
2006,0224-HJAPT,train
2119,9805-FILKB,train
4175,6248-BSHKG,train
3931,8851-RAGOV,train
3234,8173-RXAYP,train
4545,6145-NNPNO,train
1701,6097-EQISJ,train
4194,2961-VNFKL,train
2327,0869-PAPRP,train
3937,5712-VBOXD,train
1930,2792-VPPET,train
293,4847-TAJYI,train
987,3717-OFRTN,train
2326,2266-SJNAT,train
5762,1421-HCERK,train
4653,2091-MJTFX,train
2696,5472-CVMDX,train
1490,8016-ZMGMO,train
5077,8314-HTWVE,train
6549,5909-ECHUI,train
4852,7515-LODFU,train
5904,9402-CXWPL,train
6658,0818-OCPZO,train
5559,6339-DKLMK,train
65,5122-CYFXA,train
1788,7416-CKTEP,train
3236,5402-HTOTQ,train
2505,1776-SPBWV,train
4723,4274-OWWYO,train
6099,7711-GQBZC,train
2933,5220-AGAAX,train
3172,8393-DLHGA,train
1940,4890-VMUAV,train
4971,1237-WIYYZ,train
1412,7861-UVUFT,train
461,6614-VBEGU,train
5012,9367-TCUYN,train
5170,7721-DVEKZ,train
2879,4550-VBOFE,train
6137,0870-VEMYL,train
2132,6082-OQFBA,train
2528,4277-PVRAN,train
4964,3943-KDREE,train
6286,2717-HVIZY,train
6471,0859-YGKFW,train
4453,1455-UGQVH,train
6117,3308-DGHKL,train
3707,9537-JALFH,train
3110,6569-KTMDU,train
6707,2452-MRMZF,train
1696,8593-WHYHV,train
128,3930-ZGWVE,train
4272,1043-YCUTE,train
2236,3420-ZDBMA,train
3747,1548-ARAGG,train
4593,9256-JTBNZ,train
319,6745-JEFZB,train
5703,0795-XCCTE,train
4509,2013-SGDXK,train
3670,5442-BXVND,train
1598,7552-KEYGT,train
5847,9391-YZEJW,train
4597,3440-JPSCL,train
1006,9524-EGPJC,train
4822,2664-XJZNO,train
3724,5201-CBWYG,train
1959,5882-CMAZQ,train
1086,8999-BOHSE,train
4406,3714-XPXBW,train
2188,3689-MOZGR,train
5023,6653-CBBOM,train
3304,0136-IFMYD,train
2161,5159-YFPKQ,train
2939,8802-UNOJF,train
3544,8914-RBTSB,train
5659,0674-GCDXG,train
51,9420-LOJKX,train
1335,4671-LXRDQ,train
1659,3500-NSDOA,train
344,5924-SNGKP,train
6076,2580-ATZSQ,train
4659,6616-AALSR,train
465,2996-XAUVF,train
1691,8917-SZTTJ,train
5424,6435-VWCCY,train
2622,5315-CKEQK,train
3406,6447-EGDIV,train
4097,9974-JFBHQ,train
2841,9743-DQKQW,train
3467,8414-MYSHR,train
210,7841-TZDMQ,train
5362,0485-ZBSLN,train
753,3115-CZMZD,train
6314,8873-GLDMH,train
4813,8631-WUXGY,train
4095,0641-EVBOJ,train
6786,9820-RMCQV,train
6882,8065-QBYTO,train
4949,3669-LVWZB,train
2718,7274-CGTOD,train
5533,9279-CJEOJ,train
4899,1565-RHDJD,train
3852,7291-CDTMJ,train
482,4612-SSVHJ,train
6147,6383-ZTSIW,train
762,7379-POKDZ,train
4240,1567-DSCIC,train
6930,5570-PTWEH,train
6478,9330-VOFSZ,train
635,7207-RMRDB,train
6212,6537-OTKMY,train
2474,5630-IXDXV,train
5507,5753-QQWPW,train
5672,5915-DGNVC,train
3871,5299-SJCZT,train
976,5875-YPQFJ,train
2720,3426-NIYYL,train
352,4115-NZRKS,train
6679,4940-KHCWD,train
4783,8760-ZRHKE,train
2126,5858-EAFCZ,train
3637,4083-EUGRJ,train
4944,3682-YEUWS,train
3093,9931-DCEZH,train
17,9959-WOFKT,train
6039,5649-TJHOV,train
5840,1534-OULXE,train
4658,8455-HIRAQ,train
603,2001-MCUUW,train
6308,5442-BHQNG,train
3891,7995-ZHHNZ,train
5160,9840-EFJQB,train
5330,5747-PMBSQ,train
6036,8008-ESFLK,train
6023,4698-KVLLG,train
6388,1963-VAUKV,train
2750,1179-INLAT,train
2141,6648-INWPS,train
789,0229-LFJAF,train
4989,0909-SDHNU,train
4021,4255-DDUOU,train
1234,4525-VZCZG,train
1493,6416-YJTTB,train
3577,7541-YLXCL,train
2504,8433-WXGNA,train
387,1708-PBBOA,train
5299,5569-OUICF,train
5771,1539-LNKHM,train
3605,8148-BPLZQ,train
3394,9052-DHNKM,train
2264,7176-WRTNX,train
3042,1322-AGOQM,train
57,5067-XJQFU,train
3240,8849-GYOKR,train
2798,7209-JCUDS,train
2172,1895-QTKDO,train
5105,2995-UPRYS,train
95,8637-XJIVR,train
3872,2018-PZKMU,train
1267,2612-PHGOX,train
3139,1142-WACZW,train
6632,9259-PACGQ,train
524,8397-MVTAZ,train
2726,9392-XBGTD,train
1605,7941-RCJOW,train
3537,5062-CJJKH,train
2876,6746-WAUWT,train
3327,9494-BDNNC,train
1247,5593-SUAOO,train
1237,2788-CJQAQ,train
3091,8189-DUKMV,train
188,0956-SYCWG,train
695,2480-JZOSN,train
718,1853-ARAAQ,train
148,6440-DKQGE,train
5175,7813-TKCVO,train
2938,5294-IMHHT,train
5540,3803-KMQFW,train
720,4697-LUPSU,train
2143,4079-VTGLK,train
1043,4883-QICIH,train
5298,5647-FXOTP,train
2080,9919-FZDED,train
5115,6374-AFWOX,train
7023,1035-IPQPU,train
5464,3458-IDMFK,train
6544,6661-HBGWL,train
3228,3567-PQTSO,train
6567,6215-NQCPY,train
5,9305-CDSKC,train
1010,0929-HYQEW,train
2105,0925-VYDLG,train
4574,8999-XXGNS,train
5642,2320-TZRRH,train
1555,9651-GTSAQ,train
2340,0234-TEVTT,train
2710,3594-BDSOA,train
222,6469-MRVET,train
6836,5868-YWPDW,train
3083,1599-EAHXY,train
4081,7665-TOALD,train
5401,5124-EOGYE,train
4638,7817-BOQPW,train
833,2672-TGEFF,train
6116,7445-WMRBW,train
6564,2159-TURXX,train
382,8204-YJCLA,train
5800,7129-CAKJW,train
6595,5702-KVQRD,train
1814,5442-PPTJY,train
3981,1200-TUZHR,train
5801,8695-ARGXZ,train
5794,1162-ECVII,train
2770,6100-QQHEB,train
3067,7005-CCBKV,train
3941,4797-MIWUM,train
673,9092-GDZKO,train
6600,4592-IWTJI,train
3225,4931-TRZWN,train
2390,1226-JZNKR,train
3850,6418-HNFED,train
34,3413-BMNZE,train
3360,0689-NKYLF,train
966,4541-RMRLG,train
1387,7684-XSZIY,train
490,3552-CTCYF,train
2259,9030-QGZNL,train
4555,4804-NCPET,train
3910,8938-UMKPI,train
4314,4597-NUCQV,train
3311,6137-MFAJN,train
3040,7317-GGVPB,train
2688,1569-TTNYJ,train
811,4853-RULSV,train
1786,7530-HDYDS,train
6309,2169-RRLFW,train
5500,7139-JZFVG,train
4614,4732-RRJZC,train
1471,9777-WJJPR,train
2836,6988-CJEYV,train
1529,9764-REAFF,train
2495,6188-UXBBR,train
904,0379-DJQHR,train
5795,7048-GXDAY,train
245,0221-WMXNQ,train
1404,1970-KKFWL,train
4961,6954-OOYZZ,train
7005,9347-AERRL,train
6109,8654-DHAOW,train
3144,7968-QUXNS,train
3703,9483-GCPWE,train
4873,2320-YKQBO,train
60,0434-CSFON,train
3534,2165-VOEGB,train
3519,5019-GQVCR,train
4963,8313-AFGBW,train
1812,2085-BOJKI,train
6941,2405-LBMUW,train
3473,7599-FKVXZ,train
144,1131-QQZEB,train
2277,3571-RFHAR,train
5681,2522-WLNSF,train
5367,9227-YBAXE,train
4201,1166-PQLGG,train
2703,4749-VFKVB,train
5780,1722-LDZJS,train
5321,7718-UPSKJ,train
1570,3070-FNFZQ,train
6372,6368-TZZDT,train
3507,4558-CGYCZ,train
6667,0872-NXJYS,train
2289,4056-QHXHZ,train
5750,2398-YPMUR,train
6472,1150-FTQGN,train
2267,9239-GZHZE,train
653,1140-UKVZG,train
689,5076-YVXCM,train
4027,5590-YRFJT,train
5883,6131-JLWZM,train
2663,5140-FOMCQ,train
5923,8035-PWSEV,train
6367,0848-SOMKO,train
2761,2408-WITXK,train
1798,3506-OVLKD,train
6318,0547-HURJB,train
4212,5797-APWZC,train
4916,3420-YJLQT,train
812,8098-TDCBU,train
5024,8774-GSBUN,train
1008,8818-XYFCQ,train
6011,5917-HBSDW,train
3630,9986-BONCE,train
6187,0224-NIJLP,train
6397,7994-XIRTR,train
1921,6732-VAILE,train
2819,1575-KRZZE,train
4943,4973-MGTON,train
193,9680-NIAUV,train
1184,4660-IRIBM,train
5359,5143-EGQFK,train
6007,2724-FJDYW,train
1823,8496-EJAUI,train
781,7521-AFHAB,train
2509,1926-QUZNN,train
3127,1432-FPAXX,train
6601,4909-JOUPP,train
184,1918-ZBFQJ,train
5406,9715-WZCLW,train
1440,7677-SJJJK,train
3662,6410-LEFEN,train
1059,0376-YMCJC,train
5125,2982-VPSGI,train
5468,6437-UKHMV,train
4775,5480-TBGPH,train
2501,6585-WCEWR,train
6097,9114-DPSIA,train
3140,7901-HXJVA,train
1951,8735-IJJEG,train
6894,1400-MMYXY,train
3151,7993-NQLJE,train
475,2359-KMGLI,train
6209,3417-TSCIC,train
6825,5022-KVDQT,train
2477,1212-GLHMD,train
411,4163-NCJAK,train
805,9926-PJHDQ,train
2537,8670-ERCJH,train
3073,5762-TJXGK,train
1539,5071-FBJFS,train
3060,7089-XXAYG,train
3434,1877-HKBQX,train
5486,7609-YBPXG,train
5898,8277-RVRSV,train
1216,0040-HALCW,train
4341,3754-DXMRT,train
4512,0707-HOVVN,train
1187,8089-UZWLX,train
854,7695-PKLCZ,train
7024,7398-LXGYX,train
4761,8224-KDLKN,train
6265,3278-FSIXX,train
4129,3192-LNKRK,train
5345,9526-JAWYF,train
4655,5985-TBABQ,train
2418,0141-YEAYS,train
2863,4146-SVFUD,train
2912,0674-DGMAQ,train
2035,8100-HZZLJ,train
1168,5562-BETPV,train
6088,3063-QFSZL,train
985,9369-XFEHK,train
1500,7041-TXQJH,train
1457,6362-QHAFM,train
5210,2794-XIMMO,train
1160,6242-MBHPK,train
2629,5028-GZLDO,train
299,6390-DSAZX,train
898,4315-MURBD,train
2036,8775-ERLNB,train
4619,4290-BSXUX,train
3134,7168-HDQHG,train
2649,3027-YNWZU,train
4931,4298-OYIFC,train
3960,7404-JLKQG,train
7007,2274-XUATA,train
2502,9067-YGSCA,train
3046,8715-KKTFG,train
819,4178-EGMON,train
788,0810-BDHAW,train
4386,3400-ESFUW,train
2547,7963-SHNDT,train
601,5173-ZXXXL,train
5567,8133-ANHHJ,train
3039,5456-ITGIC,train
1751,9436-ZBZCT,train
6576,2342-CKIAO,train
894,7997-EASSD,train
3841,4039-HEUNW,train
1596,7321-VGNKU,train
175,1744-JHKYS,train
5031,8118-TJAFG,train
5982,3721-CNZHX,train
1334,1768-ZAIFU,train
3109,4521-WFJAI,train
6816,2446-PLQVO,train
6664,4480-MBMLB,train
2747,8295-FHIVV,train
5749,3349-ANQNH,train
4163,9253-VIFJQ,train
252,9514-JDSKI,train
2892,2668-TZSPS,train
1861,7054-LGEQW,train
5773,0289-IVARM,train
2825,7610-TVOPG,train
1283,4389-UEFCZ,train
1842,6959-GQEGV,train
6647,8722-PRFDV,train
3121,8679-JOEVF,train
3681,4433-JCGCG,train
5178,4350-ZTLPI,train
4281,8582-KRHPJ,train
4056,3329-WDIOK,train
1728,8345-MVDYC,train
3987,7625-XCQRH,train
1484,2277-BKJKN,train
4382,2277-VWCNI,train
617,7134-MJPDY,train
4303,3284-SVCRO,train
1977,5692-ICXLW,train
700,1525-LNLOJ,train
815,3196-NVXLZ,train
4385,1930-BZLHI,train
3154,0581-BXBUB,train
1128,0098-BOWSO,train
4521,8671-KKKOS,train
5393,5376-DEQCP,train
3496,5201-FRKKS,train
6617,8822-KNBHV,train
4681,9965-YOKZB,train
3985,7130-CTCUS,train
48,7639-LIAYI,train
5033,7298-IZWLY,train
364,3583-KRKMD,train
2498,1134-YWTYF,train
6768,9739-JLPQJ,train
1379,0562-KBDVM,train
3395,6794-HKIAJ,train
2983,4674-HGNUA,train
4724,5073-RZGBK,train
1649,2851-MMUTZ,train
4110,5208-FVQKB,train
6558,4488-PSYCG,train
631,9931-KGHOA,train
3999,5276-KQWHG,train
4863,8727-JQFHV,train
6230,9962-BFPDU,train
2483,7641-EUYET,train
5606,6586-PSJOX,train
3650,5699-BNCAS,train
1089,4546-FOKWR,train
6829,8148-WOCMK,train
3112,8809-XKHMD,train
5029,1848-LBZHY,train
1993,9828-AOQLM,train
1443,7055-HNEOJ,train
3965,3692-JHONH,train
1374,8999-YPYBV,train
2614,3351-NQLDI,train
4485,7975-JMZNT,train
3150,6029-CSMJE,train
2899,6164-HAQTX,train
61,1215-FIGMP,train
6822,5389-FFVKB,train
1107,0971-QIFJK,train
1091,5832-TRLPB,train
2555,1849-RJYIG,train
5885,0269-XFESX,train
4522,7305-ZWMAJ,train
900,1051-GEJLJ,train
4286,4123-DVHPH,train
4343,7130-VTEWQ,train
4589,1494-EJZDW,train
186,4827-USJHP,train
5347,9788-HNGUT,train
6012,5685-IIXLY,train
1052,7013-PSXHK,train
3904,4803-LBYPN,train
4008,0743-HRVFF,train
1920,4623-ZKHLY,train
3280,6504-VBLFL,train
4332,4194-FJARJ,train
3736,2926-JEJJC,train
2936,3352-ALMCK,train
6071,0401-WDBXM,train
2482,9588-OZDMQ,train
2042,7361-YPXFS,train
4553,5914-XRFQB,train
3974,9592-ERDKV,train
1859,4143-HHPMK,train
6479,4351-QLCSU,train
3398,3096-WPXBT,train
914,6024-RUGGH,train
1549,4237-RLAQD,train
6217,1599-MMYRQ,train
6733,4011-ARPHK,train
1458,7893-IXHRQ,train
3857,3675-EQOZA,train
4703,2956-GGUCQ,train
5592,5063-IUOKK,train
3501,8295-KMENE,train
5117,5317-FLPJF,train
6833,9129-UXERG,train
1439,0506-LVNGN,train
6760,5295-PCJOO,train
5842,2971-SGAFL,train
675,3729-OWRVL,train
2753,6857-VWJDT,train
2305,4947-DSMXK,train
2693,3976-HXHCE,train
1112,2176-LVPNX,train
2391,7318-EIVKO,train
1480,8898-KASCD,train
4910,6635-MYYYZ,train
1825,5423-BHIXO,train
5173,2480-SQIOB,train
2322,1306-RPWXZ,train
5432,1597-FZREH,train
3792,6712-OAWRH,train
6118,9924-JPRMC,train
6031,0282-NVSJS,train
3054,6465-GSRCL,train
1360,3793-MMFUH,train
1875,9637-CDTKZ,train
5349,5375-XLDOF,train
2281,9578-VRMNM,train
6823,7009-LGECI,train
1479,6281-FKEWS,train
4146,9821-POOTN,train
933,4750-ZRXIU,train
4361,8680-CGLTP,train
2307,0002-ORFBO,train
2318,6463-HHXJR,train
4065,7239-HZZCX,train
3583,2292-XQWSV,train
3751,2522-AHJXR,train
4533,5360-LJCNJ,train
1039,9948-YPTDG,train
81,8108-UXRQN,train
3429,7872-BAAZR,train
3835,8194-PEEBY,train
6777,9572-WUKSB,train
6731,0164-XAIRP,train
483,5168-MQQCA,train
4641,9895-VFOXH,train
3909,1093-YSWCA,train
2824,8857-CUPFQ,train
908,4694-PHWFW,train
4060,0757-WCUUZ,train
3563,6741-EGCBI,train
3599,7925-PNRGI,train
6980,0786-VSSUD,train
6359,7148-XZPHA,train
1011,6614-YOLAC,train
3551,7594-RQHXR,train
4290,7734-DBOAI,train
1915,3221-CJMSG,train
2039,6298-QDFNH,train
2999,1038-RQOST,train
438,5886-VLQVU,train
1502,5724-BIDBU,train
5199,7245-JMTTQ,train
83,9919-YLNNG,train
636,7954-MLBUN,train
930,5146-CBVOE,train
4052,9667-EQRXU,train
533,1297-VQDRP,train
5302,9700-ISPUP,train
3387,3530-CRZSB,train
2733,3518-PZXZQ,train
1452,0222-CNVPT,train
3521,2550-AEVRU,train
5491,3703-TTEPD,train
4758,3646-ITDGM,train
3808,7785-RDVIG,train
5911,1976-AZZPJ,train
1536,2882-WDTBA,train
1393,2592-YKDIF,train
4100,0608-JDVEC,train
4098,5356-RHIPP,train
6431,3266-FTKHB,train
54,4667-QONEA,train
4046,0440-QEXBZ,train
4217,8107-KNCIM,train
6613,9770-LXDBK,train
1125,8111-SLLHI,train
3503,9821-BESNZ,train
4319,6333-YDVLT,train
3181,1265-ZFOSD,train
255,4111-BNXIF,train
5386,6143-JQKEA,train
4162,0769-MURVM,train
4755,8849-AYPTR,train
3342,0384-LPITE,train
6889,7952-OBOYL,train
5528,9127-QRZMH,train
4113,3982-JGSFD,train
2059,7483-IQWIB,train
4564,4877-EVATK,train
4691,3791-LGQCY,train
6810,7758-XKCBS,train
3132,2468-SJFLM,train
2751,7909-FIOIY,train
4865,1355-KUSBG,train
926,7074-IEVOJ,train
6551,6728-VOIFY,train
78,0191-ZHSKZ,train
5070,4628-WQCQQ,train
4408,2824-DXNKN,train
3991,1731-TVIUK,train
5022,2599-CIPQE,train
5669,1217-VASWC,train
4556,3750-CKVKH,train
4051,8152-VETUR,train
1714,8932-CZHRQ,train
1431,6718-BDGHG,train
666,7538-GWHML,train
6578,3898-BSJYF,train
4072,2688-BHGOG,train
4929,2055-BFOCC,train
1301,9795-SHUHB,train
5640,5393-RXQSZ,train
706,7596-ZYWBB,train
2858,9512-PHSMG,train
1587,5939-SXWHM,train
4339,6992-TKNYO,train
802,8859-AXJZP,train
5931,0011-IGKFF,train
5720,2325-WINES,train
5245,5902-WBLSE,train
2972,9443-JUBUO,train
1690,5740-YHGTW,train
160,8992-VONJD,train
4759,8740-CRYFY,train
1726,1958-RNRKS,train
369,3520-FJGCV,train
5129,0620-DLSLK,train
2548,9796-BPKIW,train
5174,0947-IDHRQ,train
6602,4657-FWVFY,train
2947,5131-PONJI,train
747,3966-HRMZA,train
485,7971-HLVXI,train
6173,2378-HTWFW,train
5764,0716-BQNDX,train
5576,4929-BSTRX,train
5276,2725-IWWBA,train
3699,1137-DGOWI,train
6494,4310-KEDTB,train
1740,1222-KJNZD,train
2820,3251-YMVWZ,train
2673,8429-XIBUM,train
5109,7113-HIPFI,train
1481,9242-TKFSV,train
3419,1063-DHQJF,train
5588,1660-HSOOQ,train
161,0867-MKZVY,train
3603,1501-SGHBW,train
4716,5176-OLSKT,train
3514,6993-YCOBK,train
2709,6128-AQBMT,train
4183,6917-IAYHD,train
759,5684-FJVYR,train
5956,3640-PHQXK,train
2917,2181-TIDSV,train
6971,7240-FQLHE,train
903,5285-MVEHD,train
6390,6994-FGRHH,train
6722,5481-NTDOH,train
785,0691-IFBQW,train
1322,0114-RSRRW,train
3435,4450-DLLMH,train
296,6556-DBKZF,train
6226,2097-YVPKN,train
3345,1335-HQMKX,train
6584,6340-DACFT,train
5459,2657-VPXTA,train
6264,2578-JQPHZ,train
1302,3230-IUALN,train
2911,9747-DDZOS,train
5684,0193-ESZXP,train
5890,0383-CLDDA,train
2653,9481-WHGWY,train
794,4257-GAESD,train
5405,4097-YODCF,train
3489,0975-UYDTX,train
913,5993-BQHEA,train
5752,7480-SPLEF,train
1417,5651-WYIPH,train
2634,6877-TJMBR,train
5782,4871-JTKJF,train
4826,3389-YGYAI,train
2496,2333-KWEWW,train
3923,5275-SQEIZ,train
6275,0885-HMGPY,train
5734,6408-WHTEF,train
6123,0623-EJQEG,train
3125,5222-JCXZT,train
4857,6344-SFJVH,train
6518,1963-SVUCV,train
2424,5236-PERKL,train
1326,6682-VCIXC,train
4571,0599-XNYDO,train
172,6727-IOTLZ,train
5799,8066-POXGX,train
4389,1482-OXZSY,train
1211,1373-ORVIZ,train
5007,7407-SUJIZ,train
5929,5828-DWPIL,train
3940,1559-DTODC,train
1709,3280-MRDOF,train
21,1680-VDCWW,train
5403,0292-WEGCH,train
1541,2429-AYKKO,train
6489,9318-NKNFC,train
4815,9565-JSNFM,train
2635,9953-ZMKSM,train
3738,4950-BDEUX,train
5928,1830-IPXVJ,train
4726,2192-CKRLV,train
1911,5668-MEISB,train
2909,9619-GSATL,train
6201,6458-CYIDZ,train
4749,6633-MPWBS,train
714,4312-KFRXN,train
4970,9795-VOWON,train
5718,9840-DVNDC,train
796,2040-OBMLJ,train
2511,7016-NVRIC,train
4985,4827-DPADN,train
3092,6032-IGALN,train
6192,0439-IFYUN,train
6035,9835-ZIITK,train
2299,6177-PEVRA,train
3449,5473-KHBPS,train
6346,9661-MHUMO,train
5917,5144-PQCDZ,train
4346,9351-LZYGF,train
3284,7586-ZATGZ,train
6857,1930-WNXSB,train
2179,7311-MQJCH,train
1517,2924-KHUVI,train
6888,3191-CSNMG,train
6993,6583-QGCSI,train
2402,7623-HKYRK,train
5156,8109-YUOHE,train
6408,5748-RNCJT,train
3238,7850-THJMU,train
3027,1614-JBEBI,train
2316,9367-OIUXP,train
1628,6267-DCFFZ,train
2781,5533-NHFRF,train
3942,6959-UWKHF,train
5056,3262-EIDHV,train
1623,6035-RIIOM,train
6236,1932-UEDCX,train
3021,6377-KSLXC,train
5085,7074-STDCN,train
6904,6211-WHMYA,train
3383,8185-UPYBR,train
4338,9708-HPXWZ,train
1937,0854-UYHZD,train
2867,7244-KXYZN,train
5523,5044-LRQAQ,train
5532,8174-LNWMW,train
3084,8631-XVRZL,train
108,8597-CWYHH,train
2054,9734-UYXQI,train
5157,5840-NVDCG,train
1708,8640-SDGKB,train
453,0256-LTHVJ,train
2519,4927-WWOOZ,train
4023,1686-STUHN,train
2512,5829-NVSQN,train
3978,0432-CAJZV,train
4153,5214-CHIWJ,train
916,3956-CJUST,train
1466,8205-MQUGY,train
1204,6791-YBNAK,train
1756,0134-XWXCE,train
6143,5774-QPLTF,train
980,3318-ISQFQ,train
456,5149-CUZUJ,train
4372,4781-ZXYGU,train
4831,4654-GGUII,train
6247,3428-MMGUB,train
5991,8063-RJYNF,train
3622,3569-JFODW,train
3474,3982-DQLUS,train
6682,9589-ABEPT,train
670,5642-MHDQT,train
4182,4902-OHLSK,train
101,3679-XASPY,train
4776,0018-NYROU,train
6596,0083-PIVIK,train
195,2604-IJPDU,train
5259,5419-JKZNQ,train
2480,0397-GZBBC,train
1020,1452-XRSJV,train
4309,2582-FFFZR,train
2574,3269-ATYWD,train
2155,0524-IAVZO,train
2375,0013-SMEOE,train
3483,4465-VDKIQ,train
1917,3219-JQRSL,train
3176,5044-XDPYX,train
3204,6772-WFQRD,train
2802,3001-CBHLQ,train
331,9498-FIMXL,train
4355,0096-BXERS,train
2489,1032-MAELW,train
4233,4664-NJCMS,train
5460,6551-VLJMV,train
6048,9253-QXKBE,train
4803,3717-LNXKW,train
3593,9540-JYROE,train
2022,5989-PGKJB,train
248,0322-YINQP,train
5214,2983-ZANRP,train
2526,5766-ZJYBB,train
1165,6479-OAUSD,train
3693,7032-LMBHI,train
105,6180-YBIQI,train
3961,7421-ZLUPA,train
4448,6543-XRMYR,train
1878,0463-WZZKO,train
1755,1803-BGNBD,train
3049,0268-QKIWO,train
4890,3162-ZJZFU,train
3949,4495-LHSSK,train
4942,2626-URJFX,train
2552,3547-LQRIK,train
5246,1981-INRFU,train
6193,5716-LIBJC,train
838,6092-QZVPP,train
4981,8008-HAWED,train
4020,4334-HOWRP,train
4436,3639-XJHKQ,train
3955,6704-UTUKK,train
397,6599-CEBNN,train
1981,0348-SDKOL,train
2457,5198-EFNBM,train
4164,7030-FZTFM,train
3831,6946-LMSQS,train
3443,5996-NRVXR,train
1488,8695-WDYEA,train
4184,0495-ZBNGW,train
4396,0023-HGHWL,train
2219,1302-UHBDD,train
5607,2460-FPSYH,train
2814,7599-NTMDP,train
3679,1240-KNSEZ,train
3938,6629-LADHQ,train
6466,3094-JOJAI,train
4047,2434-EEVDB,train
3830,2656-TABEH,train
1766,8763-KIAFH,train
1260,9992-UJOEL,train
4497,0575-CUQOV,train
1591,8246-SHFGA,train
6336,8647-SDTWQ,train
5485,7794-JASDG,train
1212,4291-SHSBH,train
4215,9031-ZVQPT,train
1485,9809-IMGCQ,train
4622,8705-DWKTI,train
5280,6574-MCOEH,train
336,6680-NENYN,train
606,6516-NKQBO,train
88,2796-NNUFI,train
3671,8816-VXNZD,train
2803,1985-MBRYP,train
3739,5789-LDFXO,train
5288,8058-INTPH,train
2009,7639-OPLNG,train
2568,2266-FUBDZ,train
2029,6481-OGDOO,train
1264,6244-BESBM,train
6907,1041-RXHRA,train
2139,8160-HOWOX,train
3554,1077-HUUJM,train
6468,2599-CZABP,train
140,3146-MSEGF,train
3378,5766-FTRTS,train
2440,2171-UDMFD,train
5862,9584-EXCDZ,train
5619,4619-EVPHY,train
3794,4280-DLSHD,train
3422,1837-YQUCE,train
1871,3062-ICYZQ,train
6741,2180-DXNEG,train
6644,0898-XCGTF,train
2403,0310-SUCIN,train
5509,1809-DMJHQ,train
5892,2709-UQGNP,train
5664,0875-CABNR,train
510,4332-MUOEZ,train
4250,0565-JUPYD,train
6146,4009-ALQFH,train
3143,5924-IFQTT,train
4029,0019-GFNTW,train
4945,1223-UNPKS,train
315,5027-YOCXN,train
2383,3787-TRIAL,train
3490,7743-EXURX,train
1668,9659-QEQSY,train
4730,7813-ZGGAW,train
5938,9971-ZWPBF,train
4560,2252-ISRNH,train
3432,8174-TBVCF,train
1380,1131-SUEKT,train
2695,0254-KCJGT,train
3694,1150-WFARN,train
1319,1725-MIMXW,train
1987,5419-KLXBN,train
2077,3177-LASXD,train
5227,4060-LDNLU,train
1715,0386-CWRGM,train
273,4716-HHKQH,train
771,0236-HFWSV,train
4549,2074-GUHPQ,train
2183,6844-DZKRF,train
3463,9576-SYUHJ,train
832,3487-EARAT,train
4779,0480-BIXDE,train
2955,4626-GYCZP,train
5802,3570-YUEKJ,train
4907,7161-DFHUF,train
4975,4822-LPTYJ,train
4565,1866-DIOQZ,train
5238,7841-FCRQD,train
135,7799-LGRDP,train
2272,8064-RAVOH,train
2679,7341-LXCAF,train
750,8224-IVVPA,train
4054,9522-BNTHX,train
1552,2245-ADZFJ,train
5064,5673-TIYIB,train
1833,8286-AFUYI,train
2242,3378-AJRAO,train
1507,7427-AUFPY,train
1953,5054-IEXZT,train
4502,1264-BYWMS,train
2621,8766-PAFNE,train
6923,7619-PLRLP,train
6851,8465-SBRXP,train
7009,7703-ZEKEF,train
3524,4706-AXVKM,train
756,5730-DBDSI,train
4540,6728-WYQBC,train
4284,8189-XRIKE,train
3023,0238-WHBIQ,train
5252,2615-YVMYX,train
2861,2004-OCQXK,train
6315,5696-JVVQY,train
14,5129-JLPIS,train
2637,7665-NKLAV,train
4360,2675-OTVVJ,train
4987,5846-ABOBJ,train
2013,7328-OWMOM,train
2821,4102-OQUPX,train
4628,1202-KKGFU,train
4906,8639-NHQEI,train
5088,1399-OUPJN,train
959,5651-YLPRD,train
4359,9133-AYJZG,train
2608,4323-SADQS,train
2001,3977-QCRSL,train
1248,7321-PKUYW,train
3558,8417-GSODA,train
6358,1027-LKKQQ,train
775,8823-RLPWL,train
4266,5445-PZWGX,train
1368,6250-CGGUN,train
2248,9554-DFKIC,train
4016,7754-IXRMC,train
1310,6393-WRYZE,train
988,9046-JBFWA,train
6960,4690-PKDQG,train
1787,7789-HKSBS,train
5745,3580-GICBM,train
1289,9968-FFVVH,train
3742,9822-WMWVG,train
4231,7998-WNZEM,train
3990,6986-IXNDM,train
2620,7799-DSEWS,train
2562,0277-ORXQS,train
4312,1431-AIDJQ,train
6556,0661-KQHNK,train
2779,2691-NZETQ,train
4037,0603-TPMIB,train
5148,6196-HBOBZ,train
6885,7603-USHJS,train
6355,1936-UAFEH,train
892,6259-WJQLC,train
4580,0825-CPPQH,train
6541,1635-HDGFT,train
6067,1397-XKKWR,train
6557,8709-KRDVL,train
1313,6599-RCLCJ,train
2531,3612-YVGSJ,train
2940,6313-GIDIT,train
3525,5889-JTMUL,train
5670,7812-FZHPE,train
1385,9432-RUVSL,train
2636,0907-HQNTS,train
4645,5219-YIPTK,train
851,2252-NKNSI,train
3310,9885-CSMWE,train
5041,4092-OFQZS,train
6120,6218-KNUBD,train
6289,9053-JZFKV,train
5853,9114-VEPUF,train
2101,2153-MREFK,train
6402,8510-TMWYB,train
2600,2262-SLNVK,train
6723,2068-WWXQZ,train
2097,8087-LGYHQ,train
6032,9090-SGQXL,train
4885,5304-EFJLP,train
1888,9894-QMIMJ,train
1053,5669-SRAIP,train
4116,2466-FCCPT,train
2387,6734-GMPVK,train
4871,6848-YLDFR,train
4041,5862-BRIXZ,train
2865,3617-XLSGQ,train
5990,1472-TNCWL,train
3685,7244-QWYHG,train
4247,5161-UBZXI,train
4140,2748-MYRVK,train
4514,3956-MGXOG,train
6062,3055-OYMSE,train
414,1996-DBMUS,train
6401,0807-ZABDG,train
2083,4897-QSUYC,train
4837,5134-IKDAY,train
6087,8319-QBEHW,train
4928,2718-GAXQD,train
2258,9150-HEPMB,train
2736,0924-BJCRC,train
3899,9278-VZKCD,train
4378,6980-CDGFC,train
5518,9574-RKJIF,train
5769,3407-JMJQQ,train
6392,3999-WRNGR,train
6010,3460-TJBWI,train
4362,8430-TWCBX,train
5686,4369-HTUIF,train
4395,5502-RLUYV,train
5370,0112-QAWRZ,train
3548,0670-ANMUU,train
1434,1571-SAVHK,train
5261,1409-PHXTF,train
4159,6917-YACBP,train
3074,4504-YOULA,train
4731,8748-HFWBO,train
4484,7465-ZZRVX,train
6845,6127-IYJOZ,train
6599,0023-XUOPT,train
2967,7663-CUXZB,train
6563,6906-ANDWJ,train
3120,3148-AOIQT,train
2853,0233-FTHAV,train
6224,2330-PQGDQ,train
201,8544-GOQSH,train
965,9889-TMAHG,train
1242,0668-OGMHD,train
2153,7978-DKUQH,train
3369,4680-KUTAJ,train
3385,7526-BEZQB,train
5962,3842-QTGDL,train
3700,5616-PRTNT,train
655,5183-SNMJQ,train
5958,6859-RKMZJ,train
4652,3178-CIFOT,train
5945,8421-WZOOW,train
3973,3441-CGZJH,train
3568,2227-JRSJX,train
6013,5671-UUNXD,train
5520,8034-RYTVV,train
1818,4450-MDZFX,train
3397,1642-HMARX,train
4353,6996-KNSML,train
2638,6769-DCQLI,train
1509,1092-GANHU,train
326,5701-YVSVF,train
3168,4893-GYUJU,train
5397,2379-ENZGV,train
2797,6023-YEBUP,train
117,5299-RULOA,train
278,8645-KWHJO,train
6655,1705-GUHPV,train
125,4622-YNKIJ,train
2598,8325-QRPZR,train
520,5174-ITUMV,train
5197,7566-DSRLQ,train
5331,5583-EJXRD,train
871,1573-LGXBA,train
227,2232-DMLXU,train
6920,2595-KIWPV,train
3413,5294-DMSFH,train
902,2719-BDAQO,train
6640,3315-IKYZQ,train
1759,2243-FNMMI,train
748,6425-JWTDV,train
1802,7492-TAFJD,train
6973,9972-VAFJJ,train
2399,7176-WIONM,train
4546,5520-FVEWJ,train
2745,4826-XTSOH,train
2743,2323-ARSVR,train
5747,9730-DRTMJ,train
1817,5663-QBGIS,train
2883,7225-IILWY,train
3414,4837-PZTIC,train
6840,1724-IQWNM,train
6627,1074-WVEVG,train
4784,1622-HSHSF,train
6697,8080-POTJR,train
5287,9708-KFDBY,train
6186,4789-KWMXN,train
5390,7450-NWRTR,train
820,4220-TINQT,train
4073,7683-CBDKJ,train
300,0895-LMRSF,train
2076,7228-PAQPD,train
4639,7402-EYFXX,train
4043,3308-JSGML,train
4709,4007-NHVHI,train
6410,6121-TNHBO,train
2292,7401-JIXNM,train
4108,2650-GYRYL,train
219,6496-JDSSB,train
5153,5439-WIKXB,train
138,6217-KDYWC,train
5410,4049-ZPALD,train
1073,0655-RBDUG,train
4799,4182-BGSIQ,train
1769,3144-KMTWZ,train
3019,6214-EDAKZ,train
4269,9170-CCKOU,train
4071,6537-QLGEX,train
4176,4685-TFLLS,train
5454,2506-TNFCO,train
7018,1122-JWTJW,train
580,1218-VKFPE,train
2261,3126-WQMGH,train
6480,0939-EREMR,train
6396,2974-GGUXS,train
1034,8146-QQKZH,train
3448,5949-EBSQK,train
1251,7595-EUIVN,train
1886,6695-FRVEC,train
1884,2039-JONDJ,train
4579,5650-YLIBA,train
6111,9812-GHVRI,train
2959,7587-AOVVU,train
2393,5136-KCKGI,train
6292,0327-WFZSY,train
727,6786-OBWQR,train
6271,6726-WEXXK,train
5304,6078-VESFR,train
6848,5916-QEWPT,train
5313,1935-IMVBB,train
6387,9853-JFZDU,train
5270,6682-QJDGB,train
1800,6650-VJONK,train
2775,2634-HCZGT,train
1770,7279-BUYWN,train
2727,3387-VATUS,train
990,1206-EHBDD,train
6491,9728-FTTVZ,train
5783,1415-YFWLT,train
2056,4138-NAXED,train
6651,2038-YSEZE,train
5229,8327-LZKAS,train
4166,5917-RYRMG,train
4337,2674-MLXMN,train
6747,5245-VDBUR,train
5735,9251-AWQGT,train
6421,2999-AANRQ,train
6800,1113-IUJYX,train
213,4709-LKHYG,train
5418,8490-BXHEO,train
3698,7346-MEDWM,train
4725,1541-ETJZO,train
5084,8966-OIQHG,train
2535,2000-DHJUY,train
2341,4304-TSPVK,train
1432,9046-DQMTP,train
5445,1832-PEUTS,train
5884,4785-QRJHC,train
2226,3298-QEICA,train
6739,6994-KERXL,train
5775,4057-FKCZK,train
4618,6350-XFYGW,train
3246,8806-EAGWC,train
6407,6728-CZFEI,train
4333,5325-UWTWJ,train
4173,7858-GTZSP,train
5711,1891-UAWWU,train
2777,4860-YZGZM,train
6464,4726-DLWQN,train
4197,5934-RMPOV,train
2795,0709-TVGUR,train
1846,7369-TRPFD,train
1342,2017-CCBLH,train
590,0619-OLYUR,train
3487,9257-AZMTZ,train
4467,0667-NSRGI,train
3300,1403-LKLIK,train
2806,3259-QMXUN,train
313,2799-ARNLO,train
835,4250-WAROZ,train
2023,4795-KTRTH,train
607,8672-OAUPW,train
3202,5501-TVMGM,train
3892,3824-RHKVR,train
2918,2761-XECQW,train
5450,7503-ZGUZJ,train
2906,7742-MYPGI,train
4706,6595-COKXZ,train
1682,9225-BZLNZ,train
6114,4226-KKDON,train
1118,6891-JPYFF,train
2810,8433-WPJTV,train
1131,8257-RZAHR,train
5005,2359-QWQUL,train
3769,2129-ALKBS,train
5366,8232-CTLKO,train
1478,9851-QXEEQ,train
2994,8046-DNVTL,train
4991,1502-XFCVR,train
2700,2346-DJQTB,train
1182,3164-YAXFY,train
2905,4692-NNQRU,train
6510,0572-ZJKLT,train
6772,7931-PXHFC,train
2152,0248-IPDFW,train
480,0486-LGCCH,train
379,5686-CMAWK,train
6253,6128-DAFVY,train
1416,4859-ZSRDZ,train
2018,7065-YUNRY,train
1899,8563-OYMQY,train
5419,7173-TETGO,train
3832,4626-OZDTJ,train
1777,2155-AMQRX,train
6771,1488-SYSFC,train
3431,2430-USGXP,train
5352,6559-PDZLR,train
6908,1750-CSKKM,train
6911,0508-SQWPL,train
5807,8464-EETCQ,train
4654,4530-NDRKU,train
6797,8725-JEDFD,train
4798,4948-WBBKL,train
6603,2257-BOVXD,train
358,9057-MSWCO,train
5309,0704-VCUMB,train
2854,4644-PIZRT,train
5139,5549-ZGHFB,train
1070,6166-ILMNY,train
1162,9359-UGBTK,train
6142,3982-XWFZQ,train
6846,6618-RYATB,train
311,7277-OZCGZ,train
1018,3748-FVMZZ,train
4693,0463-TXOAK,train
1016,7649-SIJJF,train
5196,0786-IVLAW,train
6844,6897-UUBNU,train
1119,1459-QNFQT,train
4409,5227-JSCFE,train
118,8402-OOOHJ,train
386,0533-BNWKF,train
2859,6963-EZQEE,train
6621,6762-NSODU,train
3761,9385-NXKDA,train
389,5522-JBWMO,train
5590,0487-VVUVK,train
3028,8740-XLHDR,train
169,1159-WFSGR,train
246,0303-UNCIP,train
109,2848-YXSMW,train
320,5020-ZSTTY,train
5421,2300-RQGOI,train
1664,4829-AUOAX,train
1681,4836-WNFNO,train
4039,8161-QYMTT,train
6818,2710-WYVXG,train
1821,3536-IQCTX,train
3267,8902-ZEOVF,train
359,9833-TGFHX,train
4093,2476-YGEFM,train
3437,2746-DIJLO,train
126,4412-YLTKF,train
2227,0788-DXBFY,train
4325,2700-LUEVA,train
1167,4189-NAKJS,train
4957,4486-EFAEB,train
1123,0074-HDKDG,train
3917,3871-IKPYH,train
3617,3346-BRMIS,train
323,7102-JJVTX,train
6246,7054-DMVAS,train
2657,3301-LSLWQ,train
5226,8044-BGWPI,train
1172,1641-RQDAY,train
5697,1984-FCOWB,train
2173,2038-OEQZH,train
6788,1760-CAZHT,train
3103,9174-FKWZE,train
1072,7771-ZONAT,train
4856,8714-EUHJO,train
302,8266-VBFQL,train
883,3199-NPKCN,train
6216,7162-WPHPM,train
1556,3186-BAXNB,train
6686,4670-TABXH,train
711,7929-DMBCV,train
2055,1216-BGTSP,train
1716,5515-RUGKN,train
178,5947-SGKCL,train
2524,0784-ZQJZX,train
3059,7503-EPSZW,train
3939,8945-GRKHX,train
3873,7340-KEFQE,train
84,0318-ZOPWS,train
739,7503-MIOGA,train
751,9477-LGWQI,train
5568,2270-CHBFN,train
3004,3801-HMYNL,train
164,2907-ILJBN,train
7004,6075-SLNIL,train
3377,2696-RZVZW,train
3213,4032-RMHCI,train
2846,0541-FITGH,train
18,4190-MFLUW,train
888,0048-LUMLS,train
5702,5287-QWLKY,train
3543,0853-TWRVK,train
3790,6598-RFFVI,train
3242,3717-FDJFU,train
2956,5649-RXQTV,train
3515,5206-HPJKM,train
3849,5089-IFSDP,train
4446,6161-UUUTA,train
6106,5493-SDRDQ,train
37,6572-ADKRS,train
5705,3785-NRHYR,train
3245,0461-CVKMU,train
918,6103-BOCOU,train
6270,0625-AFOHS,train
6897,2363-BJLSL,train
3608,3208-YPIOE,train
5969,4673-KKSLS,train
5511,6586-MYGKD,train
427,8734-DKSTZ,train
4402,9039-RBEEE,train
1065,0634-SZPQA,train
3817,9504-YAZWB,train
217,0230-WEQUW,train
6333,8651-ENBZX,train
2708,8510-AWCXC,train
4096,0829-XXPLX,train
402,0979-PHULV,train
1752,7801-CEDNV,train
2792,9163-GHAYE,train
4257,9732-EQMWY,train
1984,4373-MAVJG,train
5896,1635-NZATJ,train
2597,5945-AZYHT,train
4665,3884-UEBXB,train
1207,0013-MHZWF,train
5250,3338-CVVEH,train
3457,8566-YPRGL,train
1648,7426-WEIJX,train
6552,9317-WZPGV,train
3355,8871-JLMHM,train
4461,0082-OQIQY,train
7010,0723-DRCLG,train
4412,8042-RNLKO,train
4220,4644-OBGFZ,train
1907,2272-UOINI,train
3336,8380-MQINP,train
271,7633-MVPUY,train
5200,6050-IJRHS,train
596,8208-EUMTE,train
6891,7853-OETYL,train
1381,3717-OEAUQ,train
682,4957-TREIR,train
4254,2683-BPJSO,train
4936,3898-GUYTS,train
6005,3915-ODIYG,train
1057,1624-WOIWJ,train
3299,4282-MSACW,train
2752,4139-SUGLD,train
685,1536-HBSWP,train
1933,1964-SVLEA,train
6385,0702-PGIBZ,train
182,9367-WXLCH,train
5382,6229-UOLQL,train
4003,0582-AVCLN,train
1961,4445-KWOKW,train
6799,8071-SBTRN,train
3119,5307-DZCVC,train
5915,9500-WBGRP,train
6175,4377-VDHYI,train
40,8865-TNMNX,train
3528,2332-EFBJY,train
6824,8444-WRIDW,train
1373,4291-HPAXL,train
3802,7698-YFGEZ,train
1009,6419-ZTTLE,train
1615,2812-REYAT,train
5674,3566-CAAYU,train
3684,2842-BCQGE,train
1185,5673-FSSMF,train
2443,9802-CAQUT,train
4260,5269-NRGDP,train
5743,2384-OVPSA,train
2949,3489-VSFRD,train
1834,8080-DDEMJ,train
6054,9445-SZLCH,train
1189,3916-NRPAP,train
713,5433-KYGHE,train
998,2545-LXYVJ,train
2159,8007-YYPWD,train
2670,4531-AUZNK,train
4686,8024-XNAFQ,train
3851,0206-OYVOC,train
3062,8070-AAWZP,train
86,4808-YNLEU,train
2847,6985-HAYWX,train
6793,1320-GVNHT,train
6127,6198-PNNSZ,train
5950,2862-PFNIK,train
4376,0853-NWIFK,train
2782,7037-MTYVW,train
2288,2135-DQWAQ,train
4711,5871-DGTXZ,train
7022,7203-OYKCT,train
1430,6510-UPNKS,train
1291,7993-PYKOF,train
67,3410-YOQBQ,train
1023,7460-ITWWP,train
5634,2320-JRSDE,train
5677,2896-TBNBE,train
4714,0016-QLJIS,train
5548,4589-IUAJB,train
1299,4566-QVRRW,train
4642,5458-CQJTA,train
3301,2636-ALXXZ,train
1564,2660-EMUBI,train
2151,2560-WBWXF,train
814,4785-NKHCX,train
1304,8519-IMDHU,train
5650,6047-SUHPR,train
3989,7634-WSWDB,train
3734,7134-HBPBS,train
1013,4065-JJAVA,train
3532,9474-PHLYD,train
5589,7253-UVNDW,train
6688,0064-SUDOG,train
1425,7077-XJMET,train
5080,7159-NOKYQ,train
4419,1045-LTCYT,train
3482,2828-SLQPF,train
6683,9388-ZEYVT,train
3179,3721-WKIIL,train
3068,1810-BOHSY,train
3925,9938-ZREHM,train
6058,0356-ERHVT,train
4381,7481-ATQQS,train
4014,3657-COGMW,train
5953,6888-SBYAI,train
6608,4576-CSAJH,train
7042,3186-AJIEK,train
1084,9170-ARBTB,train
1852,3669-OYSJI,train
1744,8952-WCVCD,train
3834,2325-ZUSFD,train
4127,8626-XHBIE,train
5679,5229-PRWKT,train
4990,4647-XXZAM,train
4879,4501-UYKBC,train
4091,8263-OKETD,train
3770,5821-MMEIL,train
4277,5955-EPOAZ,train
1158,5334-JLAXU,train
6248,6549-BTYPG,train
5217,5018-HEKFO,train
1809,9606-PBKBQ,train
1580,7108-DGVUU,train
5389,9701-CDXHR,train
4882,8404-VIOMB,train
2946,3404-JNXAX,train
2356,3450-WXOAT,train
6725,2061-VVFST,train
4701,5956-YHHRX,train
1101,4712-UYOOI,train
2351,9755-JHNMN,train
6060,4884-ZTHVF,train
6297,0864-FVJNJ,train
5307,1941-HOSAM,train
2244,0866-QLSIR,train
6982,8468-FZTOE,train
5766,1183-CANVH,train
4403,0257-KXZGU,train
2283,6140-QNRQQ,train
5163,3472-OAOOR,train
5363,3810-PJUHR,train
3953,4505-EXZHB,train
1320,8947-YRTDV,train
2931,8059-UDZFY,train
5526,6546-OPBBH,train
6415,8224-UAXBZ,train
4369,2592-SEIFQ,train
4487,4116-IQRFR,train
1645,9490-DFPMD,train
919,5149-TGWDZ,train
1180,4835-YSJMR,train
3797,7868-BGSZA,train
230,2651-ZCBXV,train
1477,5469-CTCWN,train
6669,3588-WSTTJ,train
6366,2845-KDHVX,train
1068,5536-RTPWK,train
5738,5049-GLYVG,train
2893,7854-EDSSA,train
3715,5288-AHOUP,train
6573,1094-BKOSX,train
6202,8559-CIZFV,train
4012,6689-KXGBO,train
1813,0817-HSUSE,train
2671,4191-XOVOM,train
4591,8003-EWNDZ,train
2329,2972-YDYUW,train
272,6366-ZGQGL,train
4118,4826-TZEVA,train
1259,4187-CINZD,train
1423,0680-DFNNY,train
5281,7399-QHBJS,train
5440,4456-RHSNB,train
4664,7571-YXDAD,train
1225,6581-NQCBA,train
100,6380-ARCEH,train
2324,2774-LVQUS,train
431,7781-HVGMK,train
3696,3144-AUDBS,train
725,6549-YMFAW,train
5203,0734-OXWBT,train
3326,7657-DYEPJ,train
1093,8659-IOOPU,train
6284,2985-FMWYF,train
6732,5666-CYCYZ,train
2786,6584-VQMYT,train
3611,5693-PIPCS,train
1947,5504-WSIUR,train
4193,2428-ZMCTB,train
2232,6479-SZPLM,train
2791,1023-BQXZE,train
303,8181-YHCMF,train
5451,1696-HXOWK,train
5091,2606-RMDHZ,train
2804,6158-DWPZT,train
463,3811-VBYBZ,train
200,9323-HGFWY,train
2216,8495-LJDFO,train
4587,5201-USSQZ,train
1127,9330-DHBFL,train
6339,7623-TRNQN,train
4455,8280-MQRQN,train
4875,2302-ANTDP,train
4762,7594-LZNWR,train
2835,5387-ASZNZ,train
6343,0902-RFHOF,train
2217,0839-JTCUD,train
3214,0549-CYCQN,train
1362,2568-BRGYX,train
5026,1401-FTHFQ,train
777,7314-OXENN,train
467,5968-XQIVE,train
912,3865-YIOTT,train
2355,5067-WJEUN,train
1964,2430-RRYUW,train
917,4079-WWQQQ,train
75,2673-CXQEU,train
1270,8780-IHCRN,train
3682,3716-BDVDB,train
4165,9741-YLNTD,train
3157,3030-YZADT,train
5803,4143-OOBWZ,train
437,4376-KFVRS,train
3047,1550-LOAHA,train
2878,0428-IKYCP,train
4753,5729-KLZAR,train
2520,5788-YPOEG,train
2849,6838-HVLXG,train
1054,5981-ITEMU,train
1860,3279-DYZQM,train
6378,0637-UBJRP,train
3208,8550-XSXUQ,train
1758,5848-FHRFC,train
4896,3521-MNKLV,train
3773,8260-NGFNY,train
2178,1657-DYMBM,train
1037,4581-LNWUM,train
4689,2832-SCUCO,train
4541,9058-CBREO,train
4532,2154-KVJFF,train
2223,8182-BJDSI,train
2481,6614-YWYSC,train
2298,6670-MFRPK,train
451,5760-WRAHC,train
3934,1729-VLAZJ,train
5369,9860-LISIZ,train
6273,4342-HENTK,train
1857,9359-JANWS,train
2730,1169-SAOCL,train
3610,2612-RANWT,train
6934,6257-DTAYD,train
4824,3339-EAQNV,train
4834,6857-TKDJV,train
1428,7767-UXAGJ,train
3105,4429-WYGFR,train
2584,3969-JQABI,train
6101,4627-MIHJH,train
3590,9447-YPTBX,train
723,1589-AGTLK,train
6340,3323-CPBWR,train
6606,6518-LGAOV,train
5206,7349-ALMUX,train
5809,8132-YPVBX,train
3363,3474-BAFSJ,train
2924,1428-GTBJJ,train
2201,7951-VRDVK,train
6543,8050-XGRVL,train
3016,4484-CGXFK,train
1045,3524-WQDSG,train
3403,9618-LFJRU,train
4668,1791-PQHBB,train
6614,4086-WITJG,train
3129,7080-TNUWP,train
2110,3744-ZBHON,train
5539,4632-PAOYU,train
3596,3656-TKRVZ,train
5796,8571-ZCMCX,train
4354,1955-IBMMB,train
6654,1925-TIBLE,train
4282,5811-IWXYM,train
1544,3794-NFNCH,train
5066,7191-ADRGF,train
353,0219-YTZUE,train
1722,9060-HJJRW,train
1896,7459-IMVYU,train
5515,2892-GESUL,train
4188,2357-COQEK,train
3902,5999-LCXAO,train
2966,8648-PFRMP,train
5725,9648-BCHKM,train
5582,7601-DHFWZ,train
185,1024-GUALD,train
2837,2002-MZHWP,train
6231,3296-SILRA,train
5813,8099-MZPUJ,train
4983,1862-SKORY,train
633,7665-VIGUD,train
3920,6339-TBELP,train
1879,3494-JCHRQ,train
6865,8792-AOROI,train
3709,2103-ZRXFN,train
4114,1574-DYCWE,train
3508,2368-GAKKQ,train
2425,0142-GVYSN,train
940,0835-DUUIQ,train
476,3780-DDGSE,train
5119,6034-YMTOB,train
6713,4989-LIXVT,train
4927,4774-HHGGS,train
2419,2450-ZKEED,train
2816,0536-ACXIP,train
5180,0361-HJRDX,train
3155,4962-CHQPW,train
581,3627-FHKBK,train
6895,5126-RCXYW,train
1245,6507-ZJSUR,train
6881,7078-NVFAM,train
3979,7008-LZVOZ,train
2716,7883-ROJOC,train
1315,5158-RIVOP,train
6196,2988-QRAJY,train
1061,4829-ZLJTK,train
5907,0082-LDZUE,train
3056,0263-FJTQO,train
5513,0248-PGHBZ,train
5910,0856-NAOES,train
4974,4430-UZIPO,train
2157,1784-EZDKJ,train
6926,1450-SKCVI,train
241,6614-FHDBO,train
4887,9184-GALIL,train
2580,7748-UMTRK,train
1924,1845-CSBRZ,train
3164,2603-HVKCG,train
6565,1548-FEHVL,train
5947,7951-QKZPL,train
622,4851-BQDNX,train
6263,8409-WQJUX,train
5092,5774-XZTQC,train
525,0750-EBAIU,train
6326,3249-VHRIP,train
6238,5188-HGMLP,train
6059,7325-ENZFI,train
2558,5380-XPJNZ,train
4736,3050-RLLXC,train
5899,9943-VSZUV,train
3980,8868-WOZGU,train
6218,8821-KVZKQ,train
1436,9546-CQJSU,train
2954,7410-YTJIK,train
2744,0815-MFZGM,train
5269,5424-RLQLC,train
3045,9114-AAFQH,train
6362,6856-RAURS,train
5427,2455-USLMV,train
1329,3910-MRQOY,train
595,0719-SYFRB,train
1630,2439-LYPMQ,train
4530,1945-XISKS,train
7012,6691-CCIHA,train
1022,8242-SOQUO,train
4130,4439-YRNVD,train
2426,1049-FYSYG,train
540,6859-QNXIQ,train
891,3804-RVTGV,train
3399,8434-PNQZX,train
5053,4828-FAZPK,train
1079,0455-XFASS,train
3819,6174-NRBTZ,train
1026,4822-RVYBB,train
6493,6576-FBXOJ,train
740,4381-MHQDC,train
5240,8777-MBMTS,train
1723,2587-YNLES,train
3173,9766-HGEDE,train
6168,2868-MZAGQ,train
4528,9688-YGXVR,train
1295,6248-TKCQV,train
5521,3863-QSTYI,train
1148,7851-WZEKY,train
2218,5494-WOZRZ,train
3043,3677-IYRBF,train
2396,4083-BFNYK,train
1808,4816-LXZYW,train
3591,0133-BMFZO,train
5232,1755-RMCXH,train
6214,6725-TPKJO,train
661,8095-WANWK,train
2842,1215-VFYVK,train
530,8067-NIOYM,train
3890,3886-CERTZ,train
2960,5590-BYNII,train
3063,1666-JXLKU,train
3633,3878-AVSOQ,train
1328,6475-VHUIZ,train
2766,1229-RCALF,train
3998,6752-APNJL,train
4805,2207-RYYRL,train
1504,1769-GRUIK,train
3845,0004-TLHLJ,train
73,8028-PNXHQ,train
3184,5197-LQXXH,train
4001,7446-KQISO,train
585,5192-EBGOV,train
6719,2509-TFPJU,train
2513,9565-AXSMR,train
614,7138-GIRSH,train
1837,1349-WXNGG,train
554,5301-GAUUY,train
6615,8344-WFMFH,train
2997,1891-FZYSA,train
2592,3750-RNQKR,train
2090,6661-EIPZC,train
262,7529-ZDFXI,train
6901,2925-MXLSX,train
1028,8436-BJUMM,train
5934,9912-GVSEQ,train
3137,4567-AKPIA,train
26,6467-CHFZW,train
257,6655-LHBYW,train
1363,3084-DOWLE,train
4274,3572-UUHRS,train
697,5896-NPFWW,train
6687,5561-NWEVX,train
587,8752-IMQOS,train
1618,8017-LXHFA,train
5759,9985-MWVIX,train
1041,1915-OAKWD,train
6050,0487-RPVUM,train
1305,4945-RVMTE,train
2705,4231-LZUYM,train
6554,2856-HYAPG,train
5001,8292-TYSPY,train
1293,3022-BEXHZ,train
1110,0343-QLUZP,train
4301,7729-XBTWX,train
6156,0118-JPNOY,train
5094,6266-QHOJZ,train
6488,0488-GSLFR,train
5856,9873-MNDKV,train
5297,7647-GYYKX,train
6324,5022-JNQEQ,train
2012,6845-RGTYS,train
1573,5014-WUQMG,train
6320,8845-LWKGE,train
3315,9659-ZTWSM,train
1985,8901-HJXTF,train
1098,9742-XOKTS,train
6877,4501-EQDRN,train
791,3442-ZHHCC,train
4324,6873-UDNLD,train
6508,8708-XPXHZ,train
2602,1135-HIORI,train
150,3780-YVMFA,train
5554,8838-GPHZP,train
1030,8329-GWVPJ,train
3329,5366-OBVMR,train
2944,5311-IHLEI,train
4862,3721-CNEYS,train
624,1009-IRMNA,train
2769,5577-OTWWW,train
4380,2520-SGTTA,train
767,7817-OMJNA,train
1286,8985-OOPOS,train
6119,0080-EMYVY,train
6136,3190-ITQXP,train
3697,4821-SJHJV,train
770,7706-DZNKK,train
6966,6598-KELSS,train
3126,9754-CLVZW,train
6787,3174-RKMOW,train
2448,9221-OTIVJ,train
5234,3858-XHYJO,train
3430,9391-LMANN,train
2986,1303-SRDOK,train
6815,0270-THENM,train
4,9237-HQITU,train
3347,6923-AQONU,train
6430,2096-XOTMO,train
3020,5199-FPUSP,train
5698,0654-HMSHN,train
6661,3704-IEAXF,train
4028,5574-NXZIU,train
5564,3057-VJJQE,train
684,8040-MNRTF,train
5283,0997-YTLNY,train
3223,3082-VQXNH,train
254,3675-YDUPJ,train
1942,3764-MNMOI,train
4083,0324-BRPCJ,train
2192,7622-FWGEW,train
2027,3778-FOAQW,train
852,8713-IGZSO,train
2432,0023-UYUPN,train
5909,5343-SGUBI,train
197,6168-YBYNP,train
413,5973-EJGDP,train
610,6543-CPZMK,train
1465,1866-OBPNR,train
4888,4393-RYCRE,train
5417,9715-SBVSU,train
2253,0336-PIKEI,train
2278,0015-UOCOJ,train
3569,9847-HNVGP,train
2536,0203-HHYIJ,train
588,0742-LAFQK,train
1666,8388-DMKAE,train
450,8592-PLTMQ,train
334,2868-SNELZ,train
1869,7010-BRBUU,train
5936,9418-RUKPH,train
4751,8785-EPNCG,train
28,5248-YGIJN,train
5423,5228-EXCET,train
1562,8259-NFJTV,train
6290,2530-ENDWQ,train
4117,6211-WWLTF,train
3915,3115-JPJDD,train
5054,6094-ZIVKX,train
5183,8988-ECPJR,train
1754,3658-QQJYD,train
2737,5074-FBGHB,train
5609,4818-DRBQT,train
7027,0550-DCXLH,train
2069,6356-ELRKD,train
1680,5451-MHQOF,train
1506,8819-WFGGJ,train
2252,1813-JLKWR,train
5241,7753-USQYQ,train
516,3482-ABPKK,train
4674,0980-FEXWF,train
4851,2055-PDADH,train
3743,2391-SOORI,train
1414,5302-BDJNT,train
6245,4759-PXTAN,train
6975,1904-WAJAA,train
3097,2410-CIYFZ,train
4139,7278-CKDNC,train
1134,2208-NQBCT,train
5902,7054-ENNGU,train
6300,3967-VQOGC,train
4575,8746-OQQRW,train
4940,3703-KBKZP,train
2460,2230-XTUWL,train
1547,2886-KEFUM,train
6896,3085-QUOZK,train
3196,4393-OBCRR,train
3324,5043-TRZWM,train
1582,5127-BZENZ,train
594,9244-ZVAPM,train
5242,5366-IJEQJ,train
5220,2282-YGNOR,train
6690,5161-XEUVX,train
2662,8348-HFYIV,train
628,2469-DTSGX,train
6650,5850-BDWCY,train
6476,1177-XZBJL,train
3253,8123-QBNAZ,train
5937,5383-MMTWC,train
6312,7055-VKGDA,train
4204,4395-PZMSN,train
1868,3961-SXAXY,train
1584,9906-NHHVC,train
1655,7963-GQRMY,train
1174,6994-ORCWG,train
8,7892-POOKP,train
2627,4213-HKBJO,train
4432,3891-NLXJB,train
6730,1272-ILHFG,train
545,7129-AZJDE,train
2942,5310-NOOVA,train
4414,5372-FBKBN,train
2578,0354-WYROK,train
1453,5899-OUVKV,train
1038,4869-EPIUS,train
769,3137-NYQQI,train
1400,7521-YXVZY,train
1926,6651-AZVTJ,train
1702,4423-YLHDV,train
6386,6656-GULJQ,train
1224,3165-HDOEW,train
425,2055-SIFSS,train
5045,9500-LTVBP,train
3631,2722-JMONI,train
5919,6625-IUTTT,train
6648,2164-SOQXL,train
2566,3227-WLKLI,train
3526,9026-RNUJS,train
2303,7377-DMMRI,train
2828,8559-WNQZS,train
3416,0603-OLQDC,train
6961,8155-IBNHG,train
1469,5394-SVGJV,train
3547,1568-BEKZM,train
538,8905-IAZPF,train
1592,8387-MOJJT,train
1000,8357-EQXFO,train
6830,7815-PDTHL,train
6516,6876-ADESB,train
5973,2324-EFHVG,train
1637,4999-IEZLT,train
1274,7182-OVLBJ,train
350,0513-RBGPE,train
3820,9481-IEBZY,train
3146,4236-XPXAV,train
6085,8364-TRMMK,train
5901,6172-FECYY,train
1410,7024-OHCCK,train
6220,6434-TTGJP,train
2992,4177-JPDFU,train
6395,3058-HJCUY,train
22,1066-JKSGK,train
4304,9732-OUYRN,train
2660,5639-NTUPK,train
942,7567-ECMCM,train
4148,9142-XMYJH,train
3292,7284-BUYEC,train
2005,9139-WQQDY,train
817,0036-IHMOT,train
3801,5914-DVBWJ,train
1602,6032-KRXXO,train
3417,3272-VUHPV,train
2951,5815-HGGHV,train
846,6916-HIJSE,train
4661,9415-ZNBSX,train
3160,2253-KPMNB,train
2567,0407-BDJKB,train
2352,3981-QSVQI,train
5049,2955-PSXOE,train
5880,3538-WZPHD,train
5162,4801-KFYKL,train
3407,1167-OYZJF,train
6066,5349-IECLD,train
3912,3882-IYOIJ,train
1663,5364-XYIRR,train
1724,7398-SKNQZ,train
2701,1697-LYYYX,train
4572,6377-WHAOX,train
1433,6439-LAJXL,train
2197,8548-AWOFC,train
1411,2692-BUCFV,train
4077,0916-QOFDP,train
2203,4815-YOSUK,train
3536,2254-DLXRI,train
4482,6711-FLDFB,train
6450,4609-KNNWG,train
2380,3413-DHLPB,train
3200,0895-DQHEW,train
1278,4730-AWNAU,train
1279,3452-FLHYD,train
2758,2439-QKJUL,train
4742,8544-JNBOX,train
316,3973-SKMLN,train
5603,1794-HBQTJ,train
5772,8645-KOMJQ,train
6932,0463-ZSDNT,train
2378,2884-GBPFB,train
5325,2690-DVRVK,train
1511,9972-EWRJS,train
224,5961-VUSRV,train
4517,2012-NWRPA,train
3333,4573-JKNAE,train
1031,1352-VHKAJ,train
4199,4088-YLDSU,train
4973,7852-LECYP,train
5413,6833-JMZYP,train
1246,9408-HRXRK,train
3765,1814-DKOLC,train
1807,6910-HADCM,train
6302,9250-WYPLL,train
4884,2359-KLTEK,train
6634,1465-VINDH,train
1214,9866-QEVEE,train
1622,2361-UPSND,train
2224,2528-HFYZX,train
1017,9361-YNQWJ,train
6477,3518-FSTWG,train
4954,9725-SCPZG,train
5575,1492-KGETH,train
4955,5884-GCYMI,train
4478,0988-JRWWP,train
5652,9752-ZNQUT,train
6294,6615-ZGEDR,train
861,9777-IQHWP,train
749,8405-IGQFX,train
4433,4749-OJKQU,train
1625,1262-OPMFY,train
4550,4625-XMOYM,train
3635,5296-PSYVW,train
6935,4616-ULAOA,train
5123,8020-BWHYL,train
1105,7363-QTBIW,train
3813,6837-HAEVO,train
2643,3550-SAHFP,train
3410,4918-QLLIW,train
2070,8624-GIOUT,train
4695,9509-MPYOD,train
4792,7067-KSAZT,train
6981,5568-DMXZS,train
3436,0428-AXXLJ,train
4833,8510-BBWMU,train
4685,0345-XMMUG,train
3000,7613-LLQFO,train
121,2928-HLDBA,train
6305,1597-LHYNC,train
1396,9518-RWHZL,train
2698,8150-QUDFX,train
5765,1265-XTECC,train
2429,8406-LNMHF,train
4893,4432-ADRLB,train
1730,3877-JRJIP,train
1974,1024-VRZHF,train
6064,7568-PODML,train
6711,3545-CNWRG,train
2928,1930-QPBVZ,train
2007,8086-OVPWV,train
4603,3594-KADLU,train
821,5318-YKDPV,train
3982,9365-CSLBQ,train
5721,6064-ZATLR,train
6770,3855-ONCAR,train
1012,7426-RHZGU,train
1153,8777-PVYGU,train
909,0835-JKADZ,train
6795,3541-ZNUHK,train
6129,4132-POCZS,train
5824,5321-NTRKC,train
4491,7853-WNZSY,train
370,6563-VRERX,train
3010,3865-QBWSJ,train
6406,4450-YOOHP,train
543,1342-JPNKI,train
6740,7957-RYHQD,train
5013,1261-FWTTE,train
6384,1952-DVVSW,train
4708,5181-OABFK,train
2170,8220-OCUFY,train
5353,8992-OBVDG,train
2508,9405-GPBBG,train
1126,0927-LCSMG,train
1056,6941-PMGEP,train
4271,2819-GWENI,train
1196,0455-ENTCR,train
4377,8212-CRQXP,train
4456,1619-YWUBB,train
3221,5960-MVTUK,train
6850,0531-XBKMM,train
2677,2608-BHKFN,train
5561,5088-QZLRL,train
659,2085-JVGAD,train
4438,2263-SFSQZ,train
2453,1197-BVMVG,train
1778,6181-AXXYF,train
1361,3249-ZPQRG,train
1995,8000-REIQB,train
577,8270-RKSAP,train
5038,4815-TUMEQ,train
3855,7691-KGKGP,train
2330,1104-FEJAM,train
845,0422-OHQHQ,train
5527,5985-BEHZK,train
4210,5446-DKWYW,train
4472,9541-ZPSEA,train
6663,0674-EYYZV,train
3618,3209-ZPKFI,train
2062,7996-MHXLW,train
1972,7892-QVYKW,train
1543,0330-IVZHA,train
5262,4560-WQAQW,train
4551,5827-MWCZK,train
3777,4742-TXUEX,train
1407,0895-UADGO,train
1767,3669-WHAFY,train
2304,8402-EIVQS,train
899,2267-FPIMA,train
5692,3948-FVVRP,train
3055,0617-FHSGK,train
4350,1518-OMDIK,train
3373,2516-VQRRV,train
5585,4667-OHGKG,train
3291,9143-CANJF,train
664,8755-OGKNA,train
2715,0484-JPBRU,train
6195,8111-RKSPX,train
2190,5003-XZWWO,train
123,6497-TILVL,train
1496,3195-TQDZX,train
1996,9993-LHIEB,train
3712,9209-NWPGU,train
3787,2386-OWURY,train
1197,8944-AILEF,train
3952,9861-PDSZP,train
1761,5356-KZCKT,train
2093,5555-RNPGT,train
5715,0363-QJVFX,train
2856,2740-TVLFN,train
2868,5226-NOZFC,train
6037,7537-CBQUZ,train
4311,2187-LZGPL,train
6535,0520-FDVVT,train
3305,5144-TVGLP,train
3837,3932-CMDTD,train
6957,3914-FDRHP,train
7039,2234-XADUH,train
5441,3512-IZIKN,train
1870,3566-HJGPK,train
2196,6131-IUNXN,train
1456,3473-XIIIT,train
6393,3466-RITXD,train
2755,5468-BPMMO,train
4692,0265-PSUAE,train
1108,9397-TZSHA,train
6832,9173-IVZVP,train
508,4636-QRJKY,train
6612,1062-LHZOD,train
4864,9475-NNDGC,train
6937,7746-AWNQW,train
2464,2609-IAICY,train
5688,9585-KKMFD,train
6919,5136-GFPMB,train
2247,0362-RAOQO,train
968,3429-IFLEM,train
6437,2995-YWTCD,train
1991,0607-MVMGC,train
3281,6322-PJJDJ,train
3180,6734-CKRSM,train
6008,4451-RWASJ,train
2301,4813-HQMGZ,train
4937,0930-EHUZA,train
1950,9614-RMGHA,train
5086,3705-PSNGL,train
2910,5622-UEJFI,train
6162,9000-PLFUZ,train
4616,4338-EYCER,train
2016,8861-HGGKB,train
4191,2027-WKXMW,train
3839,8387-UGUSU,train
3266,0464-WJTKO,train
136,7850-VWJUU,train
3977,4778-IZARL,train
1793,4193-IBKSW,train
3017,1402-PTHGN,train
5661,4396-KLSEH,train
3493,5968-VXZLG,train
237,9903-LYSAB,train
2553,9137-NOQKA,train
1150,8807-ARQET,train
4042,5404-GGUKR,train
5002,0567-XRHCU,train
5396,5627-TVBPP,train
534,9282-IZGQK,train
625,3003-CMDUU,train
4131,2876-VBBBL,train
4778,7608-RGIRO,train
956,3261-CQXOL,train
3658,3604-WLABM,train
3069,1784-BXEFA,train
6190,2867-UIMSS,train
4479,5075-JSDKI,train
6439,9137-UIYPG,train
258,4959-JOSRX,train
2487,6620-HVDUJ,train
1891,4193-ORFCL,train
5068,6892-BOGQE,train
3191,7636-OWBPG,train
3862,5854-KSRBJ,train
2515,8869-LIHMK,train
400,2277-AXSDC,train
2845,9093-FPDLG,train
578,6522-YRBXD,train
5075,4879-GZLFH,train
1505,5240-IJOQT,train
6001,4367-NHWMM,train
177,2070-FNEXE,train
4795,6532-YLWSI,train
3492,0975-VOOVL,train
646,0887-HJGAR,train
5946,6261-RCVNS,train
2461,7706-YLMQA,train
1873,0973-KYVNF,train
3235,4825-XJGDM,train
731,6621-YOBKI,train
983,8603-IJWDN,train
5193,7096-ZNBZI,train
741,6923-JHPMP,train
3732,3082-YVEKW,train
569,0308-IVGOK,train
2626,4611-ANLQC,train
6244,5331-RGMTT,train
4732,1052-QJIBV,train
2142,4223-BKEOR,train
5852,3398-ZOUAA,train
223,0742-MOABM,train
6781,4919-MOAVT,train
5921,0068-FIGTF,train
907,0297-RBCSG,train
643,4908-XAXAY,train
5970,4853-OITSN,train
1963,7967-HYCDE,train
3948,4355-CVPVS,train
5300,8821-XNHVZ,train
2423,1133-KXCGE,train
4733,1319-YLZJG,train
5867,2428-HYUNX,train
4132,6834-NXDCA,train
1371,6567-HOOPW,train
2276,9168-INPSZ,train
4078,0628-CNQRM,train
4420,1544-JJMYL,train
1151,8992-CEUEN,train
259,5046-NUHWD,train
6075,5081-NWSUP,train
6400,7921-BEPCI,train
6442,0254-WWRKD,train
3461,8400-WZICQ,train
5055,6925-BAYGL,train
1203,9087-EYCPR,train
3710,3724-BSCVH,train
290,7534-BFESC,train
6898,1956-YIFGE,train
3717,0655-YDGFJ,train
2265,1583-IHQZE,train
2757,0197-PNKNK,train
3530,1703-MGIAB,train
6653,8799-OXZMD,train
318,2840-XANRC,train
1704,0107-YHINA,train
5447,8660-BUETV,train
1230,0178-SZBHO,train
2319,7928-VJYAB,train
5680,6982-UQZLY,train
1324,0031-PVLZI,train
5701,6476-YHMGA,train
5895,8033-ATFAS,train
2122,4123-FCVCB,train
1642,1498-DQNRX,train
5278,1061-PNTHC,train
5984,9185-TQCVP,train
3833,9169-BSVIN,train
4103,5214-NLTIT,train
4690,7036-ZZKBD,train
928,0862-PRCBS,train
4285,1506-YJTYT,train
3362,3658-KIBGF,train
1935,7297-DVYGA,train
4552,1385-TQOZW,train
5873,2122-YWVYA,train
407,0111-KLBQG,train
1954,5834-ASPWA,train
4876,5923-GXUOC,train
6181,4937-QPZPO,train
5829,6933-VLYFX,train
1946,7449-HVPIV,train
1928,2484-DGXPZ,train
1389,8621-MNIHH,train
4600,1741-WTPON,train
2249,5527-ACHSO,train
417,5249-QYHEX,train
434,6048-NJXHX,train
1707,4854-CIDCF,train
6018,8859-DZTGQ,train
3412,4854-SSLTN,train
9,6388-TABGU,train
3793,6278-FEPBZ,train
2534,8565-HBFNN,train
256,7017-VFHAY,train
3030,1761-AEZZR,train
1656,8189-HBVRW,train
5133,6892-XPFPU,train
119,9445-ZUEQE,train
2408,6619-RPLQZ,train
3665,1545-JFUML,train
4895,1394-SUIUH,train
4169,3663-MITLP,train
229,0945-TSONX,train
1376,3164-AALRN,train
669,0214-JHPFW,train
4911,8565-WUXZU,train
952,8467-WYNSR,train
3382,6285-FTQBF,train
6659,3967-KXAPS,train
5354,4273-MBHYA,train
708,3014-WJKSM,train
5438,0727-IWKVK,train
1815,1927-QEWMY,train
5995,2193-SFWQW,train
3798,2800-QQUSO,train
6145,5010-IPEAQ,train
4607,2853-CWQFQ,train
4507,7797-EJMDP,train
584,2393-DIVAI,train
2332,5499-ECUTN,train
4684,6305-YLBMM,train
6443,7727-SHVZV,train
2647,4986-MXSFP,train
1183,0887-WBJVH,train
938,2692-AQCPF,train
2570,9600-UDOPK,train
1796,2474-LCNUE,train
5293,2242-MFOTG,train
1202,3927-NLNRY,train
825,2311-QYMUQ,train
6909,9108-EJFJP,train
5818,3197-NNYNB,train
6709,7103-IPXPJ,train
2869,2672-HUYVI,train
1186,7670-ZBPOQ,train
1081,1751-NCDLI,train
4057,7980-MHFLQ,train
3384,4585-HETAI,train
261,3606-TWKGI,train
3945,3815-SLMEF,train
6,1452-KIOVK,train
4790,5216-WASFJ,train
649,3509-GWQGF,train
5694,0983-TATYJ,train
875,3050-GBUSH,train
4683,9360-OMDZZ,train
5992,0687-ZVTHB,train
4299,2186-QZEYA,train
2832,0635-WKOLD,train
1822,4911-BANWH,train
372,6122-EFVKN,train
347,8966-SNIZF,train
6374,1293-BSEUN,train
5204,4282-ACRXS,train
4671,3393-FMZPV,train
2280,2754-SDJRD,train
355,4572-DVCGN,train
6198,0071-NDAFP,train
5726,2888-ADFAO,train
5169,7105-BENQF,train
2919,1936-CZAKF,train
4207,8706-HRADD,train
6341,9330-IJWIO,train
3244,7966-YOTQW,train
6745,5515-AKOAJ,train
5777,6087-YPWHO,train
1330,0661-WCQNQ,train
6496,2474-BRUCM,train
4823,9732-KPKBW,train
600,5839-SUYVZ,train
4259,1087-UDSIH,train
3966,8915-NNTRC,train
2135,4010-YLMVT,train
2920,9453-PATOS,train
4531,4910-AQFFX,train
4855,0868-VJRDR,train
3390,0621-TSSMU,train
163,4648-YPBTM,train
1173,0107-WESLM,train
572,5756-JYOJT,train
6942,3454-JFUBC,train
2066,1852-QSWCD,train
504,5736-YEJAX,train
1572,7675-OZCZG,train
4904,0114-PEGZZ,train
5742,5135-GRQJV,train
6902,5820-PTRYM,train
5279,0394-YONDK,train
4599,1834-ABKHQ,train
3029,1208-DNHLN,train
4149,6559-ILWKJ,train
4662,4018-KJYUY,train
4889,9746-MDMBK,train
5340,5032-USPKF,train
6124,7153-CHRBV,train
3498,7730-IUTDZ,train
4660,0883-EIBTI,train
5744,1371-WEPDS,train
3692,7159-FVYPK,train
5284,3317-HRTNN,train
3829,8374-XGEJJ,train
4697,0129-KPTWJ,train
4535,9647-ERGBE,train
6680,9412-ARGBX,train
3730,6771-XWBDM,train
3251,9710-ZUSHQ,train
799,3009-JWMPU,train
3888,6086-ESGRL,train
3006,9685-WKZGT,train
3785,8337-UPOAQ,train
2257,2054-PJOCK,train
5660,1121-QSIVB,train
6533,1104-TNLZA,train
824,4335-BSMJS,train
3976,5261-QSHQM,train
6589,3118-UHVVQ,train
1163,0135-NMXAP,train
3076,4250-FDVOU,train
4712,7550-WIQVA,train
2680,6997-UVGOX,train
4806,6729-FZWSY,train
2952,5260-UMPWX,train
6864,5480-HPRRX,train
11,7469-LKBCI,train
6107,6286-SUUWT,train
5537,8029-XYPWT,train
1629,3533-UVMOM,train
4930,8180-AKMJV,train
1897,7776-QWNFX,train
3271,3902-FOIGH,train
3003,2640-PMGFL,train
6498,0742-NXBGR,train
3285,7197-VOJMM,train
5336,9441-QHEVC,train
5000,5600-PDUJF,train
3886,3786-WOVKF,train
4838,1360-XFJMR,train
3947,4324-AHJKS,train
1076,4121-AGSIN,train
3628,5186-EJEGL,train
4496,9489-JMTTN,train
5957,6877-LGWXO,train
2957,2674-MIAHT,train
4151,7733-UDMTP,train
6991,3585-ISXZP,train
3439,0917-EZOLA,train
4666,8780-RSYYU,train
3868,1396-QWFBJ,train
2472,3200-MNQTF,train
1565,6968-GMKPR,train
2642,2195-ZRVAX,train
6084,5119-KEPFY,train
3811,3620-MWJNE,train
4128,4628-CTTLA,train
626,5016-IBERQ,train
3555,6331-EWIEB,train
4144,7181-OQCUT,train
568,0939-YAPAF,train
5368,6168-WFVVF,train
2702,1942-OQFRW,train
4375,9896-UYMIE,train
4951,5117-IFGPS,train
2768,1429-UYJSV,train
542,2866-IKBTM,train
5274,6723-WSNTY,train
639,0195-IESCP,train
6774,0970-QXPXW,train
4972,1987-AUELQ,train
2370,6993-YGFJV,train
5372,2786-GCDPI,train
4327,0958-YHXGP,train
3713,6961-VCPMC,train
991,8361-LBRDI,train
3476,3756-VNWDH,train
3396,5578-NKCXI,train
1830,7321-KKSDU,train
1997,0266-CLZKZ,train
5489,0804-XBFBV,train
6959,1024-KPRBB,train
6041,3363-EWLGO,train
3077,7284-ZZLOH,train
5209,1841-YSJGV,train
1711,9964-WBQDJ,train
2937,5312-IRCFR,train
730,6439-GTPCA,train
4458,2037-SGXHH,train
3858,0840-DCNZE,train
5265,4274-DRSQT,train
3906,6372-RFVNS,train
1419,3498-LZGQZ,train
1513,0661-XEYAN,train
1989,9885-MFVSU,train
489,8372-JUXUI,train
1004,7047-YXDMZ,train
507,7218-HKQFK,train
3106,2817-LVCPP,train
1261,4741-WWJQZ,train
2168,8699-ASUFO,train
3542,1301-LOPVR,train
1,5575-GNVDE,train
500,4374-YMUSQ,train
162,4482-EWFMI,train
640,9574-BOSMD,train
6875,6848-HJTXY,train
4891,8404-GFGCZ,train
2669,4659-NZRUF,train
2787,9838-BFCQT,train
519,7531-GQHME,train
4917,6040-CGACY,train
686,5313-FPXWG,train
1567,1436-ZMJAN,train
1931,7409-JURKQ,train
4413,1792-UXAFY,train
4534,2607-FBDFF,train
3379,0396-HUJBP,train
2739,4455-BFSPD,train
103,5386-THSLQ,train
4809,7814-LEEVE,train
2095,9300-RENDD,train
1494,2667-WYLWJ,train
4738,2369-UAPKZ,train
5678,4797-AXPXK,train
1287,8800-ZKRFW,train
5255,8486-AYEQH,train
6968,8685-WHQPW,train
4818,8348-JLBUG,train
6879,0682-USIXD,train
6453,8634-MPHTR,train
4633,1820-DJFPH,train
5871,0733-VUNUW,train
6015,2325-NBPZG,train
2659,3166-PNEOF,train
4812,5174-RNGBH,train
1323,4565-NLZBV,train
4609,2519-TWKFS,train
1459,3070-BDOQC,train
977,5879-SESNB,train
2661,8780-YRMTT,train
4905,3359-DSRKA,train
4676,3011-WQKSZ,train
609,3419-SNJJD,train
5724,8042-JVNFH,train
2360,7064-JHXCE,train
4316,8413-YNHNV,train
4400,5215-LNLDJ,train
2748,2495-INZWQ,train
1139,3082-WQRVY,train
6089,8775-LHDJH,train
2929,2606-PKWJB,train
1395,0471-LVHGK,train
5145,3727-OVPRY,train
2103,7206-PQBBZ,train
3907,2139-FQHLM,train
5142,6408-OTUBZ,train
3958,4652-NNHNY,train
4086,2235-EZAIK,train
778,3758-CKOQL,train
5857,0378-NHQXU,train
924,4824-GUCBY,train
5914,3099-OONVS,train
3799,2930-UOTMB,train
196,9178-JHUVJ,train
1317,9277-JOOMO,train
5065,6551-ZCOTS,train
5074,2821-WARNZ,train
116,9560-BBZXK,train
3864,4817-VYYWS,train
3763,2959-MJHIC,train
4828,8350-NYMVI,train
3935,8285-ABVLB,train
6568,5647-URDKA,train
2799,7009-PCARS,train
2773,2770-NSVDG,train
275,6432-TWQLB,train
3657,8450-LUGUK,train
5913,6156-UZDLF,train
1222,9091-WTUUY,train
6597,9210-IAHGH,train
5134,8010-EZLOU,train
368,9571-EDEBV,train
3048,1728-BQDMA,train
1862,0523-VNGTF,train
2887,5696-QURRL,train
6766,9845-QOMAD,train
5608,9705-ZJBCG,train
2645,8562-GHPPI,train
154,3077-RSNTJ,train
4743,6681-ZSEXG,train
3250,6924-TDGMT,train
5939,4712-AUQZO,train
1979,2208-MPXIO,train
3567,1670-SVOWZ,train
3629,7527-QNRUS,train
286,3808-HFKDE,train
6706,7878-RTCZG,train
3424,4112-LUEIZ,train
6520,0220-EBGCE,train
3859,1732-FEKLD,train
526,8606-CIQUL,train
6183,6981-TDRFT,train
5388,5515-IDEJJ,train
774,2037-XJFUP,train
5967,5167-GBFRE,train
2978,2960-NKRSO,train
212,7157-SMCFK,train
4345,4302-ZYFEL,train
5425,4998-IKFSE,train
5387,8676-OOQEJ,train
4518,8808-ELEHO,train
2439,8884-MRNSU,train
1058,2074-GKOWZ,train
3220,8205-VSLRB,train
5081,5707-ZMDJP,train
5613,3913-FCUUW,train
5872,4550-EVXNY,train
6922,9398-MMQTO,train
4919,8242-PDSGJ,train
35,6234-RAAPL,train
3485,6221-AVQYL,train
3212,0585-EGDDA,train
3624,9544-PYPSJ,train
3273,7112-OPOTK,train
6169,4847-QNOKA,train
2428,2519-FAKOD,train
1674,2808-CHTDM,train
1898,6689-TCZHQ,train
139,0390-DCFDQ,train
6955,5392-AKEMH,train
4323,3707-LRWZD,train
205,7674-YTAFD,train
3367,7109-CQYUZ,train
699,8338-QIUNR,train
282,2080-SRCDE,train
3313,4232-JGKIY,train
5249,5115-GZDEL,train
879,9342-VNIMQ,train
1277,4821-WQOYN,train
6929,0357-NVCRI,train
5062,2911-UREFD,train
5501,4987-GQWPO,train
1535,7905-NJMXS,train
4138,5597-GLBUC,train
6051,4079-ULGFR,train
4336,3244-CQPHU,train
2675,4878-BUNFV,train
4062,1915-IOFGU,train
2624,0820-FNRNX,train
1255,4030-VPZBD,train
2586,1051-EQPZR,train
3136,3884-HCSWG,train
107,9750-BOOHV,train
1764,3902-MIVLE,train
1579,9391-EOYLI,train
6462,8413-VONUO,train
247,9947-OTFQU,train
31,4929-XIHVW,train
3690,6038-GCYEC,train
5358,6082-GLJIX,train
2617,4588-YBNIB,train
260,7273-TEFQD,train
6710,4342-HFXWS,train
3719,6823-SIDFQ,train
1902,1951-IEYXM,train
3660,2259-OUUSZ,train
5699,6719-OXYBR,train
2325,3097-PYWXL,train
1776,5605-XNWEN,train
5598,6051-PTVNS,train
5310,6171-ZTVYB,train
1568,3292-PBZEJ,train
4344,2200-DSAAL,train
5869,3410-MHHUM,train
2970,2815-CPTUL,train
1874,5129-HHMZC,train
478,0306-JAELE,train
1533,8519-QJGJD,train
5538,4614-NUVZD,train
4431,8630-FJLIB,train
5011,9699-UBQFS,train
1114,3312-UUMZW,train
5416,8961-QDZZJ,train
3116,9391-DXGGG,train
5408,6407-GSJNL,train
1136,6621-NRZAK,train
5632,5567-GZKQY,train
4503,9658-WYUFB,train
6522,7233-IOQNP,train
1050,1271-SJBGZ,train
6382,8608-OZTLB,train
5649,6147-CBCRA,train
529,0356-OBMAC,train
3475,8610-ZIKJJ,train
4941,1449-XQEMT,train
457,0942-KOWSM,train
3486,2558-BUOZZ,train
6866,0295-PPHDO,train
5709,5602-BVFMK,train
1999,3858-VOBET,train
6609,1000-AJSLD,train
2692,5445-GLVOT,train
16,8191-XWSZG,train
566,6967-QIQRV,train
3846,1767-TGTKO,train
6695,6253-GNHWH,train
2976,4830-FAXFM,train
5141,0303-WMMRN,train
2437,0567-GGCAC,train
6428,2079-FBMZK,train
936,5709-LVOEQ,train
5482,6289-CPNLD,train
535,5348-CAGXB,train
1082,4367-NUYAO,train
2452,5908-QMGOE,train
2576,1074-AMIOH,train
4208,9955-QOPOY,train
1566,4751-ERMAN,train
5402,5057-RKGLH,train
3149,3629-WEAAM,train
6635,5474-LAMUQ,train
6255,4476-OSWTN,train
4423,5951-AOFIH,train
6380,2378-VTKDH,train
537,5844-QVTAT,train
541,2782-LFZVW,train
4768,3996-ZNWYK,train
6207,6769-DYBQN,train
2682,9462-MJUAW,train
155,6551-GNYDG,train
6040,0519-XUZJU,train
858,3224-DFQNQ,train
1357,7130-YXBRO,train
3672,9378-FXTIZ,train
1042,7296-PIXQY,train
676,2324-AALNO,train
328,5697-GOMBF,train
4243,9362-MWODR,train
5258,8634-CILSZ,train
1097,4607-CHPCA,train
5806,7854-EKTJL,train
5400,4067-HLYQI,train
5685,4475-NVTLU,train
7037,2569-WGERO,train
3996,1395-WSWXR,train
3876,7392-YYPYJ,train
204,9142-KZXOP,train
855,2382-BCKQJ,train
5942,7240-ETPTR,train
6876,6341-AEVKX,train
2467,6559-RAKOZ,train
5189,6907-FLBER,train
6167,3154-CFSZG,train
6100,3565-UNOCC,train
5267,8075-GXIUB,train
4737,9298-WGMRW,train
2447,1475-VWVDO,train
2156,2737-YNGYW,train
3972,5382-TEMLV,train
1223,1618-CFHME,train
5981,8577-QSOCG,train
5248,3239-TPHPZ,train
5776,4291-TPNFG,train
4559,7787-BNTZM,train
4441,4825-FUREZ,train
448,5168-MSWXT,train
6021,3752-CQSJI,train
2719,4295-YURET,train
3706,4993-JCRGJ,train
4430,5061-PBXFW,train
4205,6427-FEFIG,train
878,7945-HLKEA,train
4996,3557-HTYWR,train
5177,3672-YITQD,train
3201,4717-GHADL,train
6666,0822-QGCXA,train
59,5954-BDFSG,train
3107,5038-ETMLM,train
3726,1965-DDBWU,train
2885,7923-IYJWY,train
5722,3096-JRDSO,train
6351,1842-EZJMK,train
5151,5562-YJQGT,train
5205,0365-TRTPY,train
2213,5197-YPYBZ,train
4849,8190-ZTQFB,train
709,3347-YJZZE,train
6762,9863-JZAIC,train
432,2181-UAESM,train
2279,5334-AFQJB,train
1339,3838-OZURD,train
6626,3319-DWOEP,train
1135,1779-PWPMG,train
6038,1555-DJEQW,train
474,9399-APLBT,train
3269,2662-NNTDK,train
430,9063-ZGTUY,train
4816,5906-DVAPM,train
4293,2114-MGINA,train
4774,7402-PWYJJ,train
1514,5799-JRCZO,train
1877,7873-CVMAW,train
2875,9992-RRAMN,train
3916,5600-KTXFM,train
1199,7126-RBHSD,train
6545,1518-VOWAV,train
1147,0411-EZJZE,train
4585,1069-XAIEM,train
4291,2789-CZANW,train
2571,8216-AZUUZ,train
3803,2533-QVMSK,train
505,5609-CEBID,train
6019,0440-MOGPM,train
6849,5060-TQUQN,train
2652,4727-MCYZG,train
7,6713-OKOMC,train
2339,4094-NSEDU,train
6232,9681-OXGVC,train
1445,3211-AAPKX,train
5620,5286-YHCVC,train
4053,7446-YPODE,train
2591,8384-FZBJK,train
841,0392-BZIUW,train
3275,1245-HARPS,train
3098,4248-HCETZ,train
1176,3992-YWPKO,train
1983,7336-RLLRH,train
3579,6080-TCMYC,train
4471,2479-BRAMR,train
3187,7682-AZNDK,train
3317,6685-GBWJZ,train
1220,0872-JCPIB,train
2438,7089-IVVAZ,train
7016,1471-GIQKQ,train
1824,0794-YVSGE,train
6794,1047-RNXZV,train
2855,8922-NPKBJ,train
1257,0723-VSOBE,train
6295,7033-CLAMM,train
3678,6473-ULUHT,train
1095,7439-DKZTW,train
5570,5982-FPVQN,train
468,8896-RAZCR,train
4476,7434-SHXLS,train
495,8205-OTCHB,train
4242,6124-ACRHJ,train
2604,6481-ESCNL,train
6514,6166-YIPFO,train
3118,2122-SZZZD,train
206,6348-SNFUS,train
4278,6821-JPCDC,train
190,7100-FQPRV,train
1698,1298-PHBTI,train
2523,9081-WWXKP,train
4462,6087-MVHJH,train
5147,7622-NXQZR,train
5422,3563-SVYLG,train
4424,4729-XKASR,train
3648,9419-IPPBE,train
4488,3714-JTVOV,train
3454,6773-LQTVT,train
4196,6963-KQYQB,train
4026,0266-GMEAO,train
5469,6538-POCHL,train
2146,8894-JVDCV,train
7033,9767-FFLEM,train
130,2876-GZYZC,train
6521,1092-WPIVQ,train
3936,0701-TJSEF,train
5893,3549-ZTMNH,train
5653,7638-QVMVY,train
1673,9158-VCTQB,train
2651,4873-ILOLJ,train
1853,1612-EOHDH,train
3400,5950-AAAGJ,train
2685,5781-BKHOP,train
6405,5298-GSTLM,train
4192,7137-NAXML,train
5059,6907-NZZIJ,train
1142,2460-NGXBJ,train
831,9650-VBUOG,train
1914,5356-CSVSQ,train
5192,3507-GASNP,train
1750,4137-JOPHL,train
3896,8590-OHDIW,train
6862,1273-MTETI,train
426,2806-MLNTI,train
5788,4815-GBTCD,train
4084,2777-PHDEI,train
4158,8874-EJNSR,train
6422,8668-KNZTI,train
133,3091-FYHKI,train
5682,3841-CONLJ,train
4443,2672-OJQZP,train
4262,5485-WUYWF,train
2260,6204-IEUXJ,train
5617,0816-TSPHQ,train
6043,6338-AVWCY,train
5676,9103-CXVOK,train
6211,4439-JMPMT,train
4055,4676-WLUHT,train
1532,4881-GQJTW,train
2907,0611-DFXKO,train
2445,0187-WZNAB,train
2754,6351-SCJKT,train
4263,2121-JAFOM,train
3581,7860-UXCRM,train
4680,1986-PHGZF,train
856,8374-UULRV,train
4596,2432-TFSMK,train
657,7838-LAZFO,train
2102,2911-WDXMV,train
4850,0931-MHTEM,train
1643,9469-WEJBT,train
6379,0940-OUQEC,train
4011,8143-ETQTI,train
325,4983-CLMLV,train
1988,3424-NMNBO,train
5926,1356-MKYSK,train
4867,0899-LIIBW,train
4767,1064-FBXNK,train
5047,8149-AIQCG,train
1780,0516-VRYBW,train
1863,9575-IWCAZ,train
1447,2951-QOQTK,train
3704,4227-OJHAL,train
71,0731-EBJQB,train
3828,8747-UDCOI,train
46,5948-UJZLF,train
3613,1925-LFCZZ,train
4511,3633-CDBUW,train
6361,5309-TAIKL,train
179,3712-PKXZA,train
618,5240-CAOYT,train
4249,7919-ZODZZ,train
6592,3205-MXZRA,train
4415,0420-TXVSG,train
5444,1833-TCXKK,train
4486,7251-XFOIL,train
2525,3133-PZNSR,train
5128,4128-ETESU,train
4947,4735-ASGMA,train
737,2521-NPUZR,train
3810,2903-YYTBW,train
2808,6645-MXQJT,train
2315,2577-GVSIL,train
5040,9909-IDLEK,train
1191,8221-HVAYI,train
6049,7634-HLQJR,train
6994,0804-YGEQV,train
264,1950-KSVVJ,train
6918,8267-ZNYVZ,train
982,2483-XSSMZ,train
6607,7242-QZLXF,train
5665,6345-HOVES,train
1467,8970-ANWXO,train
1219,2294-DMMUS,train
4510,6368-NWMCE,train
1657,4163-KIUHY,train
6330,9921-QFQUL,train
4088,1196-AMORA,train
4872,8125-QPFJD,train
3578,4795-WRNVT,train
49,2954-PIBKO,train
1925,2123-VSCOT,train
3908,8261-GWDBQ,train
1080,0301-KOBTQ,train
6222,0130-SXOUN,train
822,7975-TZMLR,train
6720,9530-GRMJG,train
1492,3254-YRILK,train
1601,2927-QRRQV,train
3929,9702-AIUJO,train
4061,1629-DQQVB,train
2052,2038-LLMLM,train
6792,4597-ELFTS,train
5398,3936-QQFLL,train
6671,5090-EMGTC,train
226,6341-JVQGF,train
5774,9761-XUJWD,train
4172,1905-OEILC,train
5051,0899-WZRSD,train
4915,2436-QBZFP,train
6861,6692-UDPJC,train
5545,7658-UYUQS,train
6277,4195-SMMNX,train
4754,2072-ZVJJX,train
6952,6394-MFYNG,train
2712,5133-VRSAB,train
5306,5940-NFXKV,train
5604,9432-VOFYX,train
2123,8819-IMISP,train
6809,9274-CNFMO,train
6204,3058-WQDRE,train
1194,8967-SZQAS,train
4358,6253-WRFHY,train
4835,2360-RDGRO,train
1721,4116-TZAQJ,train
5247,4971-PUYQO,train
1472,9283-LZQOH,train
3533,4318-RAJVY,train
304,2240-HSJQD,train
2564,3230-WYKIR,train
3632,2203-GHNWN,train
1325,7206-GZCDC,train
2618,1069-QJOEE,train
3466,9430-NKQLY,train
1066,9646-NMHXE,train
5997,3462-BJQQA,train
5710,6297-NOOPG,train
198,7255-SSFBC,train
905,0781-LKXBR,train
4588,2105-PHWON,train
2085,8290-YWKHZ,train
5784,7401-RUBNK,train
3283,1085-LDWAM,train
2984,6765-MBQNU,train
553,1982-FEBTD,train
4950,6892-EZDTG,train
3842,1194-HVAIF,train
579,2640-LYMOV,train
3426,4510-HIMLV,train
5903,1455-HFBXA,train
294,1563-IWQEX,train
6759,1591-MQJTP,train
3141,5649-ANRML,train
4544,0318-QUUOB,train
503,7803-XOCCZ,train
691,6663-JOCQO,train
2589,7576-OYWBN,train
876,0207-MDKNV,train
3032,5696-EXCYS,train
5798,4548-SDBKE,train
2162,6635-CPNUN,train
2193,6922-NCEDI,train
5462,9289-LBQVU,train
4756,9518-IMLHK,train
4473,2665-NPTGL,train
4105,5055-BRMNE,train
4558,8063-GBATB,train
2581,0380-ZCSBI,train
948,7028-DVOIQ,train
305,1248-DYXUB,train
228,4811-JBUVU,train
1660,1171-TYKUR,train
2407,8835-VSDSE,train
560,6815-ABQFQ,train
6404,1428-IEDPR,train
4298,5651-CPDND,train
2320,1187-WILMM,train
238,0094-OIFMO,train
6420,1422-DGUBX,train
6098,4700-UBQMV,train
4089,4282-YMKNA,train
418,0578-SKVMF,train
964,9117-SHLZX,train
6251,9374-YOLBJ,train
1155,6870-ZWMNX,train
287,5583-SXDAG,train
4079,5606-AMZBO,train
957,8388-FYNPZ,train
4728,6119-SPUDB,train
444,1910-FMXJM,train
1397,8714-CTZJW,train
3099,5505-OVWQW,train
2084,1084-UQCHV,train
1737,8887-IPQNC,train
2850,2277-DJJDL,train
2881,4003-OCTMP,train
2880,2187-PKZAY,train
6546,9828-QHFBK,train
5781,1818-ESQMW,train
1527,0640-YJTPY,train
6291,2890-WFBHU,train
3189,5384-ZTTWP,train
1345,2293-IJWPS,train
5111,6686-YPGHK,train
4675,7486-KSRVI,train
2455,8481-YYXWG,train
6102,9795-NREXC,train
2767,3572-UOLYZ,train
393,9967-ATRFS,train
2458,7516-GMHUV,train
3265,9722-UJOJR,train
2266,5732-IKGQH,train
6969,4745-LSPLO,train
719,6952-OMNWB,train
1530,3703-VAVCL,train
6429,6332-FBZRI,train
301,8098-LLAZX,train
3594,9026-LHEVG,train
4722,7581-EBBOU,train
39,8168-UQWWF,train
1378,1697-BCSHV,train
4687,3647-GMGDH,train
1487,5035-PGZXH,train
2202,5931-FLJJF,train
3760,8617-ENBDS,train
4763,4001-TSBTV,train
6880,6976-BWGLQ,train
808,4289-DTDKW,train
3433,1698-XFZCI,train
6080,9526-BIHHD,train
6858,2685-SREOM,train
5887,4316-XCSLJ,train
4214,4228-ZGYUW,train
1462,9824-QCJPK,train
1908,8232-UTFOZ,train
1665,1219-NNDDO,train
496,4134-BSXLX,train
6704,9912-OMZDS,train
3728,6352-GIGGQ,train
2476,9135-MGVPY,train
3546,8200-LGKSR,train
2104,3106-ULWFW,train
2166,2931-VUVJN,train
6868,1195-OIYEJ,train
1613,3374-PZLXD,train
677,0822-GAVAP,train
4076,1325-USMEC,train
158,6371-NZYEG,train
69,7410-OIEDU,train
6180,0201-MIBOL,train
6161,4343-EJVQB,train
10,9763-GRSKD,train
2915,0301-FIDRB,train
692,9620-QJREV,train
6490,3985-HOYPM,train
651,2024-BASKD,train
704,1456-TWCGB,train
5578,8215-NGSPE,train
1284,8711-LOBKY,train
701,9450-TRJUU,train
3688,5312-UXESG,train
5876,4844-JJWUY,train
3755,8443-ZRDBZ,train
1285,9134-CEQMF,train
3297,9194-GFVOI,train
1290,3108-PCCGG,train
650,9576-ANLXO,train
1982,3190-FZATL,train
1783,8380-PEFPE,train
2011,1492-QGCLU,train
4123,8910-LEDAG,train
2988,6295-OSINB,train
4769,2878-DHMIN,train
2309,5414-OFQCB,train
3193,1407-DIGZV,train
2922,3348-CFRNX,train
623,5148-HKFIR,train
3232,2703-AMTUL,train
735,7595-EHCDL,train
6323,0691-NIKRI,train
216,9286-BHDQG,train
324,8626-PTQGE,train
3683,7688-AWMDX,train
3264,6818-DJXAA,train
4842,5707-ORNDZ,train
3491,4682-BLBUC,train
4280,9135-HSWOC,train
5435,7432-FFVAR,train
1765,0409-WTMPL,train
923,9199-PWQVC,train
5436,7246-ZGQDF,train
4986,2694-CIUMO,train
506,8981-FJGLA,train
3358,5447-VYTKW,train
2640,4391-LNRXK,train
1795,5922-ABDVO,train
5019,3320-VEOYC,train
1489,6543-JXSOO,train
3488,0003-MKNFE,train
702,1766-GKNMI,train
521,4109-CYRBD,train
613,6689-VRRTK,train
4331,5743-KHMNA,train
361,5229-DTFYB,train
4752,1682-VCOIO,train
6986,3976-BWUCK,train
619,4059-IIEBK,train
6138,4833-QTJNO,train
4935,4584-LBNMK,train
2365,7268-IGMFD,train
445,7752-XUSCI,train
5878,8909-BOLNL,train
694,2682-KEVRP,train
156,9167-APMXZ,train
4367,3340-QBBFM,train
1563,3223-DWFIO,train
3752,0412-UCCNP,train
4063,3045-XETSH,train
5979,2675-IJRGJ,train
1520,6184-DYUOB,train
4244,9975-GPKZU,train
787,2202-OUTMO,train
1341,9269-CQOOL,train
2665,8166-ORCHU,train
5167,4188-PCPIG,train
2131,5656-MJEFC,train
2374,9101-NTIXF,train
5731,4936-YPJNK,train
4705,5760-FXFVO,train
970,7294-TMAOP,train
6115,3831-YCPUO,train
5719,1089-XZWHH,train
935,6630-UJZMY,train
6672,2346-CZYIL,train
6306,0186-CAERR,train
4351,6671-NGWON,train
647,2391-IPLOP,train
1968,5447-WZAFP,train
2927,5542-TBBWB,train
6260,0458-HEUZG,train
2410,3503-TYDAY,train
6463,0872-CASZJ,train
5452,3026-ATZYV,train
3170,7272-QDCKA,train
5974,7094-MSZAO,train
6268,9746-UGFAC,train
6705,3733-ZEECP,train
4594,4658-HCOHW,train
2800,0519-DRGTI,train
6548,5012-YSPJJ,train
5006,9103-TCIHJ,train
4924,5378-IKEEG,train
5392,2162-FRZAA,train
2882,6652-YFFJO,train
5067,5018-LXQQG,train
2049,1170-SASML,train
2686,4283-FUTGF,train
927,9625-QSTYE,train
3573,6506-EYCNH,train
3725,0968-GSIKN,train
5308,9110-HSGTV,train
1829,3030-YDNRM,train
2167,9061-TIHDA,train
50,8012-SOUDQ,train
5182,3823-KYNQY,train
2091,8957-THMOA,train
1526,2984-AFWNC,train
269,7014-ZZXAW,train
1232,1689-MRZQR,train
1314,9831-BPFRI,train
6229,6631-HMANX,train
7030,0871-OPBXW,train
5810,9102-IAYHT,train
6619,2791-SFVEW,train
6970,8083-YTZES,train
5733,4817-KEQSP,train
270,4385-GZQXV,train
44,4080-IIARD,train
3649,0174-QRVVY,validation
3318,5016-ETTFF,validation
2706,7598-UAASY,validation
498,6235-VDHOM,validation
1394,2272-JKMSI,validation
790,7131-ZQZNK,validation
3108,5056-FIMPT,validation
6444,6302-JGYRJ,validation
6999,2108-XWMPY,validation
5683,5057-LCOUI,validation
2347,7089-RKVSZ,validation
5493,0196-VULGZ,validation
6755,9003-CPATH,validation
4519,0103-CSITQ,validation
4297,2192-OZITF,validation
3523,0378-CJKPV,validation
3721,2839-RFSQE,validation
565,5846-NEQVZ,validation
1910,6637-KYRCV,validation
3750,4415-WNGVR,validation
2357,9251-WNSOD,validation
1831,3402-XRIUO,validation
1280,2388-LAESQ,validation
2728,6402-SSEJG,validation
4578,7766-CLTIC,validation
549,8138-EALND,validation
6092,4024-CSNBY,validation
2044,2550-QHZGP,validation
6079,9881-VCZEP,validation
1003,8917-FAEMR,validation
330,9385-EHGDO,validation
3167,5148-ORICT,validation
3031,3923-CSIHK,validation
4232,3066-RRJIO,validation
5463,6142-VSJQO,validation
6345,6048-QBXKL,validation
3689,9488-HGMJH,validation
3102,0516-WJVXC,validation
5502,3755-JBMNH,validation
4606,1734-ZMNTZ,validation
225,6778-JFCMK,validation
1569,0799-DDIHE,validation
4870,5825-XJOCM,validation
1143,2446-ZKVAF,validation
5736,8749-CLJXC,validation
2507,9668-PUGNU,validation
4115,7247-XOZPB,validation
4561,9415-TPKRV,validation
3050,0876-WDUUZ,validation
3921,7964-YESJC,validation
5845,4581-SSPWD,validation
4032,4098-NAUKP,validation
3879,7359-PTSXY,validation
4713,7544-ZVIKX,validation
2544,7285-KLOTR,validation
5834,5055-MGMGF,validation
1171,6270-OMFIW,validation
3878,2223-GDSHL,validation
4302,9134-WYRVP,validation
2454,5406-KGRMX,validation
4475,4693-VWVBO,validation
1789,2586-CWXVV,validation
1719,2081-VEYEH,validation
3392,7636-PEPNS,validation
5846,3370-HXOPH,validation
5756,6349-JDHQP,validation
1699,6223-DHJGV,validation
3401,4299-OPXEJ,validation
5948,1414-YADCW,validation
1747,3198-VELRD,validation
1120,1047-NNCBF,validation
6834,3635-JBPSG,validation
6485,5921-NGYRH,validation
1281,9531-NSBMR,validation
4229,5451-YHYPW,validation
3158,7410-KTVFV,validation
5256,1527-SXDPN,validation
3243,3665-JATSN,validation
1768,3055-VTCGS,validation
4255,2157-MXBJS,validation
5861,9631-RXVJM,validation
2897,8234-GSZYK,validation
1913,7188-CBBBA,validation
3334,0337-CNPZE,validation
2358,6974-DAFLI,validation
6501,4753-PADAS,validation
3744,9040-KZVWO,validation
5101,6591-QGOYB,validation
1781,2519-LBNQL,validation
3504,3678-MNGZX,validation
473,4104-PVRPS,validation
1760,2511-MORQY,validation
3500,5443-SCMKX,validation
2615,9297-EONCV,validation
2294,2027-FECZV,validation
3268,6778-EICRF,validation
2616,7593-JNWRU,validation
4938,6413-XKKPU,validation
1475,6048-UWKAL,validation
5316,1470-PSXNM,validation
3971,8515-OCTJS,validation
2827,1845-ZLLIG,validation
3758,8885-QSQBX,validation
5415,1310-QRITU,validation
6696,4566-NECEV,validation
6685,7605-SNLQG,validation
3441,4086-ATNFV,validation
5343,4254-QPEDE,validation
3033,5795-KTGUD,validation
5492,2799-TSLAG,validation
3780,1335-MXCSE,validation
544,2817-NTQDO,validation
1388,9089-UOWJG,validation
5787,6711-VTNRE,validation
688,0946-FKYTX,validation
3460,2669-OIDSD,validation
2431,8263-JQAIK,validation
1276,7005-CYUIL,validation
897,0678-RLHVP,validation
2210,7036-TYDEC,validation
4030,4256-ZWTZI,validation
242,7576-ASEJU,validation
3359,3623-FQBOX,validation
5827,3161-GETRM,validation
6499,2676-ISHSF,validation
6122,7609-NRNCA,validation
3051,5117-ZSMHQ,validation
3928,4647-MUZON,validation
354,0623-IIHUG,validation
5198,0643-OKLRP,validation
1051,3845-JHAMY,validation
3607,9987-LUTYD,validation
955,9448-REEVD,validation
5350,1172-VIYBP,validation
3113,0396-YCHWO,validation
5581,5271-YNWVR,validation
5471,3002-WQZWT,validation
2233,8097-VBQTZ,validation
1734,7511-YMXVQ,validation
214,2504-DSHIH,validation
2811,5804-JMYIO,validation
141,4080-OGPJL,validation
6726,0685-MLYYM,validation
6338,2081-KJSQF,validation
4186,7572-KPVKK,validation
803,3174-AKMAS,validation
3348,2172-EJXVF,validation
1816,1663-MHLHE,validation
6228,8597-CTXVJ,validation
5137,8016-NCFVO,validation
3552,6999-CHVCF,validation
2243,1013-QCWAM,validation
4839,3070-DVEYC,validation
6827,1036-GUDCL,validation
5426,8630-QSGXK,validation
1352,7722-VJRQD,validation
7001,6304-IJFSQ,validation
2656,4328-VUFWD,validation
2113,7607-QKKTJ,validation
678,5760-IFJOZ,validation
1748,8540-ZQGEA,validation
1336,3733-LSYCE,validation
4956,3217-FZDMN,validation
4700,5365-LLFYV,validation
4825,0921-OHLVP,validation
4770,7762-ONLJY,validation
5767,1972-XMUWV,validation
6191,8495-PRWFH,validation
5823,9867-NNXLC,validation
1133,3156-QLHBO,validation
3008,8084-OIVBS,validation
5317,1213-NGCUN,validation
1557,4672-FOTSD,validation
1876,3946-JEWRQ,validation
6495,7254-IQWOZ,validation
979,6461-PPAXN,validation
1559,9818-XQCUV,validation
6945,6797-LNAQX,validation
1647,5442-XSDCW,validation
2312,8499-BRXTD,validation
157,2749-CTKAJ,validation
253,3282-ZISZV,validation
5519,2043-WVTQJ,validation
2914,0484-FFVBJ,validation
2071,3392-EHMNK,validation
5195,1676-MQAOA,validation
6775,3259-KNMRR,validation
6821,8784-CGILN,validation
1062,1730-VFMWO,validation
3101,1867-TJHTS,validation
3781,8873-TMKGR,validation
458,4237-CLSMM,validation
1832,3132-TVFDZ,validation
363,5176-LMJXE,validation
4287,6425-YQLLO,validation
4185,8620-RJPZN,validation
2975,3043-TYBNO,validation
5251,8485-GJCDN,validation
1503,0481-SUMCB,validation
3589,8734-FNWVH,validation
1799,9172-ANCRX,validation
4861,6941-KXRRV,validation
6288,3422-GALYP,validation
2904,2115-BFTIW,validation
4150,0187-QSXOE,validation
5194,1902-XBTFB,validation
4352,0595-ITUDF,validation
1990,4514-GFCFI,validation
6992,0218-QNVAS,validation
284,9512-UIBFX,validation
5618,9932-WBWIK,validation
6090,9625-QNLUX,validation
6967,8739-WWKDU,validation
1146,1430-SFQSA,validation
3666,3194-ORPIK,validation
984,8165-ZJRNM,validation
218,2040-LDIWQ,validation
2971,9348-ROUAI,validation
5079,2507-QZPQS,validation
6153,6685-XSHHU,validation
3606,2623-DRYAM,validation
5712,8204-TIFGJ,validation
1497,3128-YOVTD,validation
6507,5708-EVONK,validation
4637,9470-YFUYI,validation
1847,1098-KFQEC,validation
3293,2041-JIJCI,validation
4120,9138-EFSMO,validation
1426,8752-GHJFU,validation
6321,1577-HKTFG,validation
2683,8128-YVJRG,validation
4747,8884-FEEWR,validation
129,2639-UGMAZ,validation
110,0486-HECZI,validation
6353,8735-DCXNF,validation
2848,7508-KBIMB,validation
1294,5027-XWQHA,validation
1401,5419-CONWX,validation
1901,5777-ZPQNC,validation
3123,6692-YQHXC,validation
4807,9695-IDRZR,validation
992,4883-KCPZJ,validation
53,7495-OOKFY,validation
6022,5025-GOOKI,validation
3667,7826-VVKWT,validation
2191,3988-RQIXO,validation
1745,2418-TPEUN,validation
442,0206-TBWLC,validation
2610,5202-IVJNU,validation
2901,7765-LWVVH,validation
1005,2858-EIMXH,validation
1483,0743-HNPFG,validation
340,6035-BXTTY,validation
6093,7110-BDTWG,validation
2783,4760-THGOT,validation
3659,0795-GMVQO,validation
79,3887-PBQAO,validation
4416,6217-TOWGS,validation
1906,2361-FJWNO,validation
4253,9054-FOWNV,validation
2717,0244-LGNFY,validation
1606,6374-NTQLP,validation
6433,2346-LOCWC,validation
1866,7940-UQQUG,validation
3026,6127-ISGTU,validation
4189,7103-ZGVNT,validation
1640,2351-RRBUE,validation
2672,2150-OEGBV,validation
6317,7493-TPUWZ,validation
2612,8198-RKSZG,validation
3408,2108-YKQTY,validation
931,0454-OKRCT,validation
6426,3926-YZVVX,validation
4968,2197-OMWGI,validation
4504,8327-WKMIE,validation
3746,4806-HIPDW,validation
5797,1169-WCVAK,validation
5988,6828-HMKWP,validation
2943,4526-EXKKN,validation
6783,9867-XOBQA,validation
3057,7319-ZNRTR,validation
593,0215-BQKGS,validation
6550,1309-BXVOQ,validation
2697,6461-SZMCV,validation
6418,2486-WYVVE,validation
1138,0774-IFUVM,validation
3836,6872-HXFNF,validation
96,9803-FTJCG,validation
797,6286-ZHAOK,validation
5470,6726-NNFWD,validation
7019,9710-NJERN,validation
4995,7912-SYRQT,validation
5121,4903-CNOZC,validation
2376,9314-QDMDW,validation
2366,1846-XWOQN,validation
6910,0530-IJVDB,validation
5638,5143-WMWOG,validation
4952,7379-FNIUJ,validation
2488,4701-MLJPN,validation
5666,8318-LCNBW,validation
362,0104-PPXDV,validation
515,9412-GHEEC,validation
5166,2252-JHJGE,validation
975,2834-JRTUA,validation
367,7302-ZHMHP,validation
7013,1685-BQULA,validation
276,4484-GLZOU,validation
6700,8107-RZLNV,validation
6446,2205-LPVGL,validation
4135,8670-MEFCP,validation
3565,4317-VTEOA,validation
848,9778-OGKQZ,validation
207,1285-OKIPP,validation
910,1907-UBQFC,validation
5083,7136-IHZJA,validation
2099,2190-BCXEC,validation
4958,0060-FUALY,validation
5097,8547-NSBBO,validation
4926,0440-EKDCF,validation
6915,1304-SEGFY,validation
2361,5103-MHMHY,validation
4982,7124-UGSUR,validation
795,5173-WXOQV,validation
1087,7241-AJHFS,validation
4647,7396-VJUZB,validation
6436,7560-QJAVJ,validation
3464,0410-IPFTY,validation
2081,5934-TSSAU,validation
1403,2373-NTKOD,validation
3211,4359-INNWN,validation
2721,8225-BTJAU,validation
2794,5353-WILCI,validation
3131,8336-TAVKX,validation
404,5495-GPSRW,validation
341,6885-PKOAM,validation
954,5382-SOYZL,validation
2471,1323-OOEPC,validation
1706,0727-BNRLG,validation
6354,3214-IYUUQ,validation
235,1251-KRREG,validation
5481,8473-VUVJN,validation
4740,2778-OCLGR,validation
5826,9507-EXLTT,validation
6798,7562-UXTPG,validation
4126,3724-UCSHY,validation
166,3376-BMGFE,validation
5954,7395-XWZOY,validation
2246,7181-BQYBV,validation
5048,1360-JYXKQ,validation
1402,6240-EURKS,validation
2595,1265-BCFEO,validation
6660,1447-GIQMR,validation
314,7563-BIUPC,validation
3705,9220-CXRSC,validation
2985,9786-IJYDL,validation
6925,6508-NJYRO,validation
5555,8750-QWZAJ,validation
3015,1498-NHTLT,validation
5864,5093-FEGLU,validation
6506,5889-LFOLL,validation
23,3638-WEABW,validation
4388,3525-DVKFN,validation
6779,0076-LVEPS,validation
4566,8375-KVTHK,validation
782,0285-INHLN,validation
1578,1205-WNWPJ,validation
1792,8401-EMUWF,validation
946,6231-WFGFH,validation
958,4002-BQWPQ,validation
1258,5529-GIBVH,validation
1200,5370-IIVVL,validation
5268,2885-HIJDH,validation
761,1894-IGFSG,validation
3822,6137-NICCO,validation
5498,1976-CFOCS,validation
2749,9086-YJYXS,validation
3887,4503-BDXBD,validation
6188,7542-CYDDM,validation
3346,2545-EBUPK,validation
890,5898-IGSLP,validation
591,5512-IDZEI,validation
3288,1843-TLSGD,validation
6553,4891-NLUBA,validation
3222,6817-WTYHE,validation
3967,5914-GXMDA,validation
2641,8250-ZNGGW,validation
6077,8085-MSNLK,validation
1482,9290-SHCMB,validation
2625,0880-FVFWF,validation
1046,0810-DHDBD,validation
5381,9465-RWMXL,validation
6497,4062-HBMOS,validation
6363,8778-LMWTJ,validation
5693,5327-XOKKY,validation
1111,9763-PDTKK,validation
5212,3511-BFTJW,validation
2350,8739-XNIKG,validation
2148,1345-GKDZZ,validation
4155,6904-JLBGY,validation
6139,3039-MJSLN,validation
2273,0219-QAERP,validation
1263,6818-WOBHJ,validation
3795,1508-DFXCU,validation
2764,1810-MVMAI,validation
2100,6227-FBDXH,validation
3518,8393-JMVMB,validation
3566,9677-AVKED,validation
5972,1324-NLTJE,validation
2154,4335-UPJSI,validation
2182,2530-FMFXO,validation
5912,7248-VZQLC,validation
2784,7295-JOMMD,validation
2738,2351-BKRZW,validation
757,0030-FNXPP,validation
5641,7452-FOLON,validation
92,7233-PAHHL,validation
1597,5327-CNLUQ,validation
283,9577-WJVCQ,validation
2433,8314-DPQHL,validation
779,0322-CHQRU,validation
3652,0612-RTZZA,validation
2415,9898-KZQDZ,validation
6131,1095-JUDTC,validation
1392,1934-MKPXS,validation
171,1875-QIVME,validation
4771,1678-FYZOW,validation
6944,9039-ZVJDC,validation
3339,8690-ZVLCL,validation
3177,1814-WFGVS,validation
6628,9979-RGMZT,validation
403,3067-SVMTC,validation
868,3313-QKNKB,validation
6863,0657-DOGUM,validation
1703,8158-WPEZG,validation
1932,3247-MHJKM,validation
2932,7740-BTPUX,validation
637,2077-DDHJK,validation
1934,4587-NUKOX,validation
2114,7707-PYBBH,validation
6900,7921-LMDFQ,validation
2557,4061-UKJWL,validation
3178,2834-SPCJV,validation
5541,6804-GDMOI,validation
5159,5928-QLDHB,validation
7011,5482-NUPNA,validation
4002,9823-EALYC,validation
6285,2812-ENYMO,validation
5601,2877-VDUER,validation
3687,6849-OYAMU,validation
4539,4355-HBJHH,validation
5176,0128-MKWSG,validation
5573,5550-VFRLC,validation
3651,2900-PHPLN,validation
2478,7878-JGDKK,validation
715,5575-TPIZQ,validation
6215,2446-BEGGB,validation
5900,0117-LFRMW,validation
2043,6557-BZXLQ,validation
2606,1550-EENBN,validation
3656,4039-PIMHX,validation
3376,9629-NHXFW,validation
2788,2790-XUYMV,validation
5770,6252-DFGTK,validation
1140,9553-DLCLU,validation
2838,3097-FQTVJ,validation
2898,6505-OZNPG,validation
5474,4912-PIGUY,validation
4881,2305-MRGLV,validation
6225,1452-UZOSF,validation
1636,1371-OJCEK,validation
2479,1088-AUUZZ,validation
4384,8642-GVWRF,validation
6761,2369-FEVNO,validation
6068,3945-GFWQL,validation
5980,7049-GKVZY,validation
3663,4633-MKHYU,validation
4994,9692-TUSXH,validation
5155,8294-UIMBA,validation
4483,3873-WOSBC,validation
1349,2625-TRCZQ,validation
5021,6617-WLBQC,validation
3080,1777-JYQPJ,validation
645,1626-ERCMM,validation
1892,1636-NTNCO,validation
5976,6907-CQGPN,validation
5184,7570-WELNY,validation
1546,7114-AEOZE,validation
5741,5883-GTGVD,validation
6056,8331-ZXFOE,validation
4156,2465-BLLEU,validation
378,2863-IMQDR,validation
2205,0380-NEAVX,validation
5748,4686-UXDML,validation
5335,3327-YBAKM,validation
5656,7312-XSBAT,validation
4670,8741-LQOBK,validation
6063,0613-WUXUM,validation
2631,6861-XWTWQ,validation
5456,8718-PTMEZ,validation
616,6464-KEXXH,validation
3330,8276-MQBYC,validation
3370,5307-UVGNB,validation
1614,3813-DHBBB,validation
2844,2265-CYWIV,validation
6121,7337-CINUD,validation
764,7969-FFOWG,validation
4417,0515-YPMCW,validation
6623,9248-OJYKK,validation
1218,7979-CORPM,validation
3901,2773-OVBPK,validation
5318,2498-XLDZR,validation
638,4913-EHYUI,validation
1460,2952-QAYZF,validation
2559,8263-QMNTJ,validation
13,0280-XJGEX,validation
6045,4487-ZYJZK,validation
2363,4373-VVHQL,validation
6724,7359-SSBJK,validation
7040,4801-JZAZL,validation
710,1029-QFBEN,validation
4772,5795-BKOYE,validation
1810,5149-QYTTU,validation
5110,8541-QVFKM,validation
1576,0993-OSGPT,validation
4391,5778-BVOFB,validation
5312,9564-KCLHR,validation
4334,3969-GYXEL,validation
470,4933-IKULF,validation
5365,0847-HGRML,validation
3740,0508-OOLTO,validation
4168,1194-BHJYC,validation
5063,3744-ZRRDZ,validation
6517,9332-GYWLO,validation
3791,3453-RTHJQ,validation
5100,9940-RHLFB,validation
365,1010-DIAUQ,validation
4939,9975-SKRNR,validation
4239,6481-LXPWL,validation
511,8535-SFUTN,validation
6030,2027-OAQQC,validation
4874,1193-RTSLK,validation
2032,3753-TSEMP,validation
5113,9258-CNWAC,validation
3604,9313-CDOGY,validation
4848,5380-AFSSK,validation
6639,4816-OKWNX,validation
6342,3384-CTMSF,validation
5465,6933-FHBZC,validation
4330,4013-TLDHQ,validation
3371,4946-EDSEW,validation
2221,8619-IJNDK,validation
93,6067-NGCEU,validation
2514,8922-LIEGH,validation
3900,8008-OTEZX,validation
5014,3528-HFRIQ,validation
3645,1991-VOPLL,validation
5346,0771-CHWSK,validation
4777,7501-VTYLJ,validation
5328,0334-ZFJSR,validation
1675,6311-UEUME,validation
3352,9124-LHCJQ,validation
5273,7673-BQGKU,validation
4817,6654-QGBZZ,validation
5760,4583-PARNH,validation
4349,7903-CMPEY,validation
1455,1621-YNCJH,validation
4296,4489-SNOJF,validation
6574,6969-MVBAI,validation
3340,6015-VVHHE,validation
449,1090-ESELR,validation
447,0732-OCQOC,validation
5572,4654-ULTTN,validation
4932,5566-SOEZD,validation
6737,9488-FYQAU,validation
5648,4291-HYEBC,validation
1152,4320-QMLLA,validation
5832,6017-PPLPX,validation
6642,4747-LCAQL,validation
3716,6688-UZPWD,validation
6441,5084-OOVCJ,validation
947,9904-EHEVJ,validation
5428,7394-FKDNK,validation
1145,3522-CDKHF,validation
5225,5376-PCKNB,validation
837,6982-SSHFK,validation
6988,1684-FLBGS,validation
4069,9938-TKDGL,validation
1032,4145-UQXUQ,validation
5708,7072-MBHEV,validation
1595,2761-OCIAX,validation
4977,6527-PZFPV,validation
1001,1989-PRJHP,validation
4632,4760-XOHVN,validation
6765,5115-SQAAU,validation
1586,3766-EJLFL,validation
2499,6061-GWWAV,validation
2987,3769-MHZNV,validation
4152,2649-HWLYB,validation
2556,8868-GAGIO,validation
4567,2697-NQBPF,validation
2158,9297-FVVDH,validation
567,5781-RFZRP,validation
6279,4012-ZTHBR,validation
2169,6418-PIQSP,validation
683,7251-LJBQN,validation
2133,8051-HJRLT,validation
2977,5906-BFOZT,validation
2004,8565-CLBZW,validation
2180,7375-WMVMT,validation
6684,0305-SQECB,validation
1938,7243-LCGGZ,validation
2333,4981-FLTMF,validation
3061,8118-LSUEL,validation
4718,3556-BVQGL,validation
4793,2284-VFLKH,validation
4422,6874-SGLHU,validation
1889,8069-YQQAJ,validation
2593,0962-CQPWQ,validation
1221,3055-MJDSB,validation
2950,3345-JHUEO,validation
6025,2887-JPYLU,validation
4608,0813-TAXXS,validation
3914,1755-FZQEC,validation
3975,2860-RANUS,validation
5289,3642-GKTCT,validation
792,5726-CVNYA,validation
6791,5204-QZXPU,validation
2968,0258-NOKBL,validation
5630,9801-GDWGV,validation
2313,9154-QDGTH,validation
3349,0897-FEGMU,validation
122,0404-SWRVG,validation
4460,0365-GXEZS,validation
6272,4636-OLWOE,validation
1537,2091-GPPIQ,validation
2271,0093-EXYQL,validation
4094,8687-BAFGU,validation
3357,3891-PUQOD,validation
1019,9391-TTOYH,validation
6746,8976-OQHGT,validation
3984,5884-FBCTL,validation
99,4598-XLKNJ,validation
531,1403-GYAFU,validation
3353,4536-PLEQY,validation
1599,5816-JMLGY,validation
3195,0570-BFQHT,validation
6227,2842-JTCCU,validation
3391,7234-KMNRQ,validation
5036,1268-ASBGA,validation
2996,6620-JDYNW,validation
6172,6379-RXJRQ,validation
4814,7270-BDIOA,validation
745,2499-AJYUA,validation
2582,7145-FEJWU,validation
2136,1379-FRVEB,validation
3619,6479-VDGRK,validation
5815,2642-DTVCO,validation
6467,9494-MRNYX,validation
4656,9800-ONTFE,validation
4143,4822-YCXMX,validation
5591,7228-OMTPN,validation
547,2560-PPCHE,validation
4137,7777-UNYHB,validation
2175,7927-AUXBZ,validation
4715,7508-DQAKK,validation
2851,1897-OKVMW,validation
6469,7945-PRBVF,validation
1090,9036-CSKBW,validation
6403,3258-ZKPAI,validation
997,1374-DMZUI,validation
4405,8417-FMLZI,validation
6185,8033-VCZGH,validation
901,9734-YWGEX,validation
58,3957-SQXML,validation
1470,6979-TNDEU,validation
3756,9136-ALYBR,validation
232,8937-RDTHP,validation
5808,2419-FSORS,validation
546,6986-IJDHX,validation
6029,9714-EDSUC,validation
4004,5803-NQJZO,validation
2118,9779-DPNEJ,validation
4428,5449-FIBXJ,validation
6329,6603-QWSPR,validation
656,8100-PNJMH,validation
2805,9372-TXXPS,validation
6581,2453-SAFNS,validation
5158,8092-NLTGF,validation
3295,4900-MSOMT,validation
4570,1386-ZIKUV,validation
6940,2314-TNDJQ,validation
5434,9921-EZKBY,validation
2973,0596-BQCEQ,validation
6561,6339-YPSAH,validation
620,4881-JVQOD,validation
3356,2235-ZGKPT,validation
6057,4003-FUSHP,validation
4554,4329-YPDDQ,validation
2021,0181-RITDD,validation
115,3071-VBYPO,validation
3066,5652-MSDEY,validation
6837,6229-LSCKB,validation
6842,5546-QUERU,validation
996,6641-XRPSU,validation
1444,5514-YQENT,validation
1743,3768-VHXQO,validation
2619,3336-JORSO,validation
1528,8096-LOIST,validation
4238,5016-LIPDW,validation
3885,4090-KPJIP,validation
2551,2882-DDZPG,validation
2573,4074-SJFFA,validation
4018,2969-WGHQO,validation
2691,7629-WIXZF,validation
5558,0675-NCDYU,validation
6451,4868-AADLV,validation
6605,7632-MNYOY,validation
2038,9172-JITSM,validation
2704,9640-ZSLDC,validation
1652,3307-TLCUD,validation
5586,1998-VHJHK,validation
4326,1455-ESIQH,validation
4992,7740-KKCXF,validation
4365,4737-HOBAX,validation
1193,5232-NXPAY,validation
2729,1143-NMNQJ,validation
5755,5937-EORGB,validation
3933,5396-IZEPB,validation
615,9396-ZSFLL,validation
3081,6376-GAHQE,validation
6756,1754-GKYPY,validation
3844,3594-UVONA,validation
464,1480-BKXGA,validation
279,4130-MZLCC,validation
4953,1627-AFWVJ,validation
1531,7107-UBYKY,validation
1607,4154-AQUGT,validation
5329,2894-QOJRX,validation
466,9076-AXYIK,validation
33,7310-EGVHZ,validation
6006,1360-RCYRT,validation
4066,4872-VXRIL,validation
484,5949-XIKAE,validation
5339,3370-GQEAL,validation
1667,4403-BWPAY,validation
886,2123-AGEEN,validation
2406,7548-SEPYI,validation
766,5175-WLYXL,validation
3325,0697-ZMSWS,validation
2527,8931-GJJIQ,validation
2678,7026-YMSBE,validation
5420,7929-SKFGK,validation
2599,6384-VMJHP,validation
3089,5680-LQOGP,validation
3036,4702-HDRKD,validation
1027,6732-FZUGP,validation
5786,8661-BOYNW,validation
4598,4929-ROART,validation
6995,7164-BPTUT,validation
2422,9603-OAIHC,validation
70,2273-QCKXA,validation
857,2207-NHRJK,validation
3130,0496-AHOOK,validation
15,3655-SNQYZ,validation
6527,7551-DACSP,validation
5763,9633-XQABV,validation
1994,8022-BECSI,validation
2177,2878-RMWXY,validation
5034,9758-MFWGD,validation
5044,9927-DSWDF,validation
6513,1794-SWWKL,validation
4785,8854-CCVSQ,validation
783,4678-DVQEO,validation
754,0139-IVFJG,validation
2421,3893-JRNFS,validation
1619,5930-GBIWP,validation
6103,8573-CGOCC,validation
4562,5322-TEUJK,validation
4959,7853-GVUDZ,validation
6785,3090-HAWSU,validation
7020,9837-FWLCH,validation
312,1557-EMYVT,validation
6047,0708-LGSMF,validation
2031,5349-AZPEW,validation
2459,7140-ADSMJ,validation
1653,6625-FLENO,validation
2711,0431-APWVY,validation
5495,2696-NARTR,validation
1641,5980-BDHPY,validation
4679,8218-FFJDS,validation
4908,3957-LXOLK,validation
3094,1898-JSNDC,validation
380,5651-CRHKQ,validation
390,3597-MVHJT,validation
441,5628-RKIFK,validation
6140,0178-CIIKR,validation
1718,7279-NMVJC,validation
836,8184-WMOFI,validation
4321,5599-HVLTW,validation
1104,8717-VCTXJ,validation
6128,3317-VLGQT,validation
1113,7627-JKIAZ,validation
2331,2809-ILCYT,validation
532,4234-XTNEA,validation
1635,2988-PLAHS,validation
3005,0516-QREYC,validation
1620,6022-KOUQO,validation
4136,3079-BCHLN,validation
2204,2659-VXMWZ,validation
5920,9355-NPPFS,validation
1243,5552-ZNFSJ,validation
4651,3540-RZJYU,validation
4481,8644-XYTSV,validation
885,4661-NJEUX,validation
5989,5567-WSELE,validation
1408,5678-VFNEQ,validation
2079,5804-HYIEZ,validation
492,0388-EOPEX,validation
1697,3795-GWTRD,validation
608,8207-DMRVL,validation
2644,2011-TRQYE,validation
5191,5982-PSMKW,validation
2241,2908-WGAXL,validation
4688,2988-GBIVW,validation
2074,6179-GJPSO,validation
2323,8949-JTMAY,validation
2215,4312-GVYNH,validation
1297,6198-ZFIOJ,validation
4318,4369-NYSCF,validation
3478,7673-LPRNY,validation
1343,7690-KPNCU,validation
306,0265-EDXBD,validation
6113,1228-ZLNBX,validation
3661,1142-IHLOO,validation
2969,1163-VIPRI,validation
6073,6096-EGVTU,validation
4933,9842-EFSYY,validation
512,5956-VKDTT,validation
1631,4248-QPAVC,validation
446,4110-PFEUZ,validation
377,9601-BRXPO,validation
5357,1460-UZPRJ,validation
149,3466-BYAVD,validation
1049,8329-IBCTI,validation
4099,6624-JDRDS,validation
6703,2737-WFVYW,validation
2334,9121-PHQSR,validation
1510,7898-PDWQE,validation
6219,1496-GGSUK,validation
6377,7851-FLGGQ,validation
5010,3654-ARMGP,validation
6399,2101-RANCD,validation
6636,3468-DRVQJ,validation
410,0334-GDDSO,validation
1239,0319-QZTCO,validation
1377,3071-MVJCD,validation
6743,2740-JFBOK,validation
4646,5032-MIYKT,validation
2206,3207-OYBWH,validation
978,6646-QVXLR,validation
215,0699-NDKJM,validation
2925,2931-XIQBR,validation
2287,5440-FLBQG,validation
396,0177-PXBAT,validation
2234,4500-HKANN,validation
2017,1087-GRUYI,validation
6976,5130-YPIRV,validation
2469,4716-MRVEN,validation
5069,1602-IJQQE,validation
3226,0750-EKNGL,validation
6727,0749-IRGQE,validation
2546,7175-NTIXE,validation
6070,6013-BHCAW,validation
6931,2371-KFUOG,validation
3323,4203-QGNZA,validation
5373,4043-MKDTV,validation
1515,1921-KYSAY,validation
3778,9631-XEYKE,validation
953,0851-DFJKB,validation
1262,6625-UTXEW,validation
2255,9537-VHDTA,validation
4200,8316-BBQAY,validation
3263,0689-DSXGL,validation
6914,7142-HVGBG,validation
1454,8681-ICONS,validation
5152,8807-OPMBM,validation
5099,6861-OKBCE,validation
3602,3038-PQIUY,validation
5569,0013-EXCHZ,validation
1351,7266-GSSJX,validation
2658,7473-ZBDSN,validation
4892,8875-AKBYH,validation
4074,0946-CLJTI,validation
2409,3275-RHRNE,validation
2222,8378-LKJAF,validation
2605,1790-NESIO,validation
3737,8601-QACRS,validation
5236,7025-IWFHT,validation
4370,8200-KLNYW,validation
3702,4818-QIUFN,validation
4620,8513-OLYGY,validation
1739,9804-ICWBG,validation
5647,7502-BNYGS,validation
1346,2845-HSJCY,validation
2311,8552-OBVRU,validation
4734,4106-HADHQ,validation
6764,7660-HDPJV,validation
5740,8882-TLVRW,validation
3575,9501-UKKNL,validation
5120,8563-IIOXK,validation
3863,0365-BZUWY,validation
6171,1658-XUHBX,validation
3520,6036-TTFYU,validation
3574,4634-JLRJT,validation
4808,8144-DGHXP,validation
6729,2256-YLYLP,validation
3142,4892-VLANZ,validation
551,1352-HNSAW,validation
2195,9891-NQDBD,validation
2413,7021-XSNYE,validation
752,1410-RSCMR,validation
3453,0326-VDYXE,validation
4538,0378-TOVMS,validation
4038,2525-GVKQU,validation
3786,0064-YIJGF,validation
960,2826-DXLQO,validation
5916,5183-KLYEM,validation
4264,8818-DOPVL,validation
2941,6176-YJWAS,validation
556,2654-VBVPB,validation
2037,8309-IEYJD,validation
6984,6447-GORXK,validation
2200,6296-DDOOR,validation
1420,8785-CJSHH,validation
1890,6770-XUAGN,validation
1794,5377-NDTOU,validation
844,3027-ZTDHO,validation
4877,4973-RLZVI,validation
3774,1309-XGFSN,validation
5595,2308-STERM,validation
4440,3397-AVTKU,validation
5757,5539-HIVAK,validation
4468,7083-YNSKY,validation
1508,2811-POVEX,validation
5831,9846-GKXAS,validation
4469,6893-ODYYE,validation
479,6227-HWPWX,validation
4605,3796-ENZGF,validation
1763,6519-CFDBX,validation
2809,4360-QRAVE,validation
5994,9661-ACXBS,validation
2926,0106-UGRDO,validation
548,4676-MQUEA,validation
6611,8690-UPCZI,validation
6213,8999-EXMNO,validation
5753,7636-XUHWW,validation
6812,6563-VNPMN,validation
3332,7593-XFKDI,validation
384,6583-SZVGP,validation
2053,6173-ITPWD,validation
1651,8580-AECUZ,validation
455,8313-NDOIA,validation
5233,0302-JOIVN,validation
1332,4656-CAURT,validation
5322,8731-WBBMB,validation
5737,7989-VCQOH,validation
421,5605-IYGFG,validation
3174,6968-MHOMU,validation
5499,4631-OACRM,validation
2913,6203-HBZPA,validation
5534,7964-VEXDG,validation
2251,1399-UBQIU,validation
3954,7225-CBZPL,validation
679,2826-UWHIS,validation
3270,4132-KALRO,validation
2317,6770-UAYGJ,validation
4513,8580-QVLOC,validation
5112,1383-EZRWL,validation
5811,6754-LZUKA,validation
5449,5696-CEIQJ,validation
4317,5808-TOTXO,validation
3321,3913-RDSJZ,validation
4744,6139-ZZRBQ,validation
6515,7016-BPGEU,validation
2411,6901-GOGZG,validation
80,5919-TMRGD,validation
3256,7711-YIJWC,validation
6656,4779-ZGICK,validation
3805,8644-XLFBW,validation
662,3030-ZKIWL,validation
6763,7471-MQPOS,validation
2145,1391-UBDAR,validation
6547,3908-MKIMJ,validation
2416,8982-NHAVY,validation
5547,9611-CTWIH,validation
6239,0665-XHDJU,validation
5866,7526-IVLYU,validation
3626,0396-UKGAI,validation
5557,6918-UMQCG,validation
6105,9249-FXSCK,validation
6542,3315-TOTBP,validation
4222,6480-YAGIY,validation
4085,5640-CAXOA,validation
5364,9050-QLROH,validation
1600,3068-OMWZA,validation
1268,2408-TZMJL,validation
6028,1871-MOWRM,validation
1383,3334-CTHOL,validation
3064,7855-DIWPO,validation
6828,2005-DWQZJ,validation
995,3842-IYKUE,validation
6381,0927-CNGRH,validation
4080,6199-IPCAO,validation
2368,6650-BWFRT,validation
6083,1468-DEFNC,validation
2041,3546-GHEAE,validation
6790,8441-SHIPE,validation
4357,7998-ZLXWN,validation
4058,2873-ZLIWT,validation
3838,7714-YXSMB,validation
3880,9470-RTWDV,validation
6126,9190-MFJLN,validation
5854,7876-BEUTG,validation
2124,7802-EFKNY,validation
4363,5018-GWURO,validation
7025,2823-LKABH,validation
6274,4685-ERGHK,validation
2886,3170-GWYKC,validation
1687,8332-OSJDW,validation
406,4742-DRORA,validation
2667,8454-AATJP,validation
6692,8591-NXRCV,validation
4068,3423-HHXAO,validation
6921,5243-SAOTC,validation
1588,8152-UOBNY,validation
1116,8461-EFQYM,validation
55,1658-BYGOY,validation
4520,3506-LCJDC,validation
522,0913-XWSCN,validation
2540,7055-JCGNI,validation
2171,3995-WFCSM,validation
1473,7079-QRCBC,validation
1156,0621-CXBKL,validation
4040,9581-GVBXT,validation
5626,2458-EOMRE,validation
5587,1707-HABPF,validation
3729,3635-QQRQD,validation
3459,6609-MXJHJ,validation
2434,1465-WCZVT,validation
4161,4223-WOZCM,validation
4967,4398-HSCJH,validation
3341,1125-SNVCK,validation
3809,9602-WCXPI,validation
4390,0377-JBKKT,validation
423,3935-TBRZZ,validation
6887,2511-ALLCS,validation
2068,9079-LWTFD,validation
2291,7488-MXJIV,validation
5385,0843-WTBXE,validation
721,8434-VGEQQ,validation
5037,8943-URTMR,validation
3639,0512-FLFDW,validation
6805,4323-OHFOW,validation
4988,1439-LCGVL,validation
3874,4570-QHXHL,validation
6368,2720-WGKHP,validation
3821,1833-VGRUM,validation
843,6549-NNDYT,validation
2470,2143-LJULT,validation
2829,3999-QGRJH,validation
6629,6437-UDQJM,validation
1686,6839-ITVZJ,validation
6587,7426-GSWPO,validation
6081,8757-TFHHJ,validation
5076,1644-IRKSF,validation
244,4522-AKYLR,validation
4048,6762-QVYJO,validation
4720,8979-CAMGB,validation
2796,0058-EVZWM,validation
5843,1480-IVEVR,validation
4335,9208-OLGAQ,validation
3298,1336-EZFZY,validation
3445,7047-FWEYA,validation
5517,7472-EQOAV,validation
732,1216-JWVUX,validation
3458,0311-UNPFF,validation
2963,4707-YNOQA,validation
4719,0362-ZBZWJ,validation
4102,1919-RTPQD,validation
1316,9788-YTFGE,validation
2561,3230-JCNZS,validation
6780,3640-JQGJG,validation
5851,4118-CEVPF,validation
874,4713-ZBURT,validation
5254,4393-GEADV,validation
1210,9824-BEMCV,validation
4387,5868-YTYKS,validation
4631,2462-XIIJB,validation
5882,2138-VFAPZ,validation
5905,1628-BIZYP,validation
1227,8496-DMZUK,validation
6461,0419-YAAPX,validation
4119,6016-NXBNJ,validation
2538,7758-UJWYS,validation
6622,4662-EKDPQ,validation
4112,6627-CFOSN,validation
5096,0363-SVHYR,validation
4791,7808-DVWEP,validation
870,1937-OTUKY,validation
4245,9625-RZFUK,validation
4984,5236-XMZJY,validation
5360,4919-IKATY,validation
4735,0723-FDLAY,validation
1094,1338-CECEE,validation
373,2805-EDJPQ,validation
4294,7596-LDUXP,validation
4794,0366-NQSHS,validation
5966,8019-ENHXU,validation
4624,0325-XBFAC,validation
3152,9909-DFRJA,validation
5305,9027-TMATR,validation
6152,7562-GSUHK,validation
152,1679-JRFBR,validation
1604,6265-SXWBU,validation
4459,3178-FESZO,validation
809,1820-TQVEV,validation
6155,4903-UYAVB,validation
391,9774-NRNAU,validation
1762,9470-XCCEM,validation
6784,9546-KDTRB,validation
1865,7064-FRRSW,validation
518,0257-ZESQC,validation
4543,7216-KAOID,validation
3497,9799-CAYJJ,validation
3772,0684-AOSIH,validation
1945,8229-BUJHX,validation
1437,1666-JZPZT,validation
5605,8049-WJCLQ,validation
6235,5180-UCIIQ,validation
1610,3399-BMLVW,validation
3194,6397-JNZZG,validation
2962,3237-AJGEH,validation
1757,6950-TWMYB,validation
5651,4471-KXAUH,validation
1085,4441-NIHPT,validation
6997,2523-EWWZL,validation
1855,5296-BFCYD,validation
4527,7666-WKRON,validation
4993,5360-XGYAZ,validation
3328,1640-PLFMP,validation
4699,5855-EIBDE,validation
6819,3005-NFMTA,validation
5448,0580-PIQHM,validation
2491,1552-TKMXS,validation
5987,1099-GODLO,validation
3764,6674-KVJHG,validation
1882,5832-EXGTT,validation
2902,1658-TJVOA,validation
847,2316-ESMLS,validation
4843,0902-XKXPN,validation
2362,7989-AWGEH,validation
3883,8104-OSKWT,validation
944,6353-BRMMA,validation
4258,9360-AHGNL,validation
945,6680-WKXRZ,validation
4650,6509-TSGWN,validation
4209,4385-ZKVNW,validation
5551,8457-XIGKN,validation
705,7133-VBDCG,validation
1512,9314-IJWSQ,validation
4465,3606-SBKRY,validation
3576,2560-QTSBS,validation
2609,4446-BZKHU,validation
5833,4976-LNFVV,validation
4426,8652-YHIYU,validation
3517,0748-RDGGM,validation
6503,7781-EWARA,validation
5960,2957-JIRMN,validation
30,3841-NFECX,validation
3239,3890-RTCMS,validation
6983,6633-SYEUS,validation
5779,2237-ZFSMY,validation
6519,4184-VODJZ,validation
4366,0537-QYZZN,validation
3824,6402-EJMWF,validation
1971,4425-OWHWB,validation
3290,7075-BNDVQ,validation
4900,7137-RYLPP,validation
4236,2542-HYGIQ,validation
2611,5976-JCJRH,validation
6757,5294-CDGWY,validation
6958,3078-ZKNTS,validation
6205,7547-EKNFS,validation
5959,2729-VNVAP,validation
2137,8612-GXIDD,validation
2896,9522-ZSINC,validation
3282,0330-BGYZE,validation
383,5167-ZFFMM,validation
6917,2904-GGUAZ,validation
6182,2925-VDZHY,validation
5889,9693-XMUOB,validation
2998,4770-UEZOX,validation
3867,4922-CVPDX,validation
5171,3566-VVORZ,validation
3499,0426-TIRNE,validation
3343,4616-EWBNJ,validation
3516,7587-RZNME,validation
5645,4942-VZZOM,validation
5580,8859-YSTWS,validation
2144,1763-WQFUK,validation
3848,8805-JNRAZ,validation
4523,9518-XXBXE,validation
2780,4404-HIBDJ,validation
2889,9830-ECLEN,validation
911,7508-SMHXL,validation
132,8587-XYZSF,validation
1849,0621-TWIEM,validation
1036,6445-TNRXS,validation
5161,0696-UKTOX,validation
5785,0506-YLVKJ,validation
199,3645-DEYGF,validation
2372,0730-BGQGF,validation
5935,2931-FSOHN,validation
3686,5899-MQZZL,validation
4181,4553-DVPZG,validation
4288,5442-UTCVD,validation
906,5543-QDCRY,validation
4757,1582-RAFML,validation
3320,2195-VVRJF,validation
2214,8337-MSSXB,validation
3044,5692-FPTAH,validation
6870,3452-SRFEG,validation
2908,7780-OTDSO,validation
3229,5519-NPHVG,validation
4997,4816-JBHOV,validation
2521,5373-SFODM,validation
4434,0577-WHMEV,validation
1129,3452-ABWRL,validation
124,7219-TLZHO,validation
2336,3211-ILJTT,validation
1159,4086-YQSNZ,validation
1922,8201-AAXCB,validation
1729,8226-BXGES,validation
4841,9058-MJLZC,validation
4425,3059-NGMXB,validation
5621,6424-ELEYH,validation
6714,7315-WYOAW,validation
2245,6050-FFXES,validation
2442,2205-YMZZJ,validation
5116,4759-TRPLW,validation
2722,4635-EJYPD,validation
6266,5813-UECBU,validation
3559,5171-EPLKN,validation
6620,6457-USBER,validation
3854,0237-YFUTL,validation
4022,5863-OOKCL,validation
3585,5913-INRQV,validation
1574,5312-TSZVC,validation
860,4795-UXVCJ,validation
4442,9837-BMCLM,validation
6571,2188-SXWVT,validation
2275,7180-PISOG,validation
2342,1552-AAGRX,validation
974,0604-THJFP,validation
6579,3938-YFPXD,validation
6280,0489-WMEMG,validation
4801,0988-AADSA,validation
6562,3621-CEOVK,validation
663,9565-FLVCG,validation
2002,0017-DINOC,validation
32,6827-IEAUQ,validation
4811,5175-AOBHI,validation
405,7606-BPHHN,validation
1590,7643-RCHXS,validation
5323,1448-CYWKC,validation
3621,2933-FILNV,validation
1710,6435-SRWBJ,validation
2632,9018-PCIOK,validation
249,0959-WHOKV,validation
7029,2235-DWLJU,validation
528,7601-GNDYK,validation
374,6862-CQUMB,validation
2607,5539-TMZLF,validation
1835,8356-WUAOJ,validation
1449,6806-YDEUL,validation
6243,3544-FBCAS,validation
4371,3372-CDXFJ,validation
6675,4186-ZBUEW,validation
5817,4361-JEIVL,validation
1047,4026-SKKHW,validation
4374,2718-YSKCS,validation
202,3363-DTIVD,validation
1273,9681-KYGYB,validation
793,9871-ELEYA,validation
5624,4462-CYWMH,validation
5082,8779-YIQQA,validation
3701,3812-LRZIR,validation
6086,0916-KNFAJ,validation
5375,9637-EIHEQ,validation
4746,0637-KVDLV,validation
5380,9689-PTNPG,validation
1905,1022-RKXDR,validation
4505,6917-FIJHC,validation
499,7783-YKGDV,validation
6042,4750-UKWJK,validation
2510,3707-GNWHM,validation
6002,3727-RJMEO,validation
6835,7964-ZRKKG,validation
4581,9084-OAYKL,validation
5497,7614-QVWQL,validation
5633,1222-LRYKO,validation
2398,7389-KBFIT,validation
4421,4636-JGAAI,validation
174,5918-VUKWP,validation
2207,4285-GYRQC,validation
921,8942-DBMHZ,validation
6072,3387-PLKUI,validation
2681,9674-EHPPG,validation
4364,6741-QRLUP,validation
1998,7615-ESMYF,validation
1288,2616-FLVQC,validation
5707,4537-DKTAL,validation
6594,8317-BVKSO,validation
3609,4488-KQFDT,validation
6456,9174-IHETN,validation
1121,3696-XRIEN,validation
4167,5120-ZBLAI,validation
6716,9850-OWRHQ,validation
2871,7508-MYBOG,validation
6817,4707-MAXGU,validation
1370,7596-IIWYC,validation
74,5630-AHZIL,validation
3768,3537-HPKQT,validation
1551,6518-KZXCB,validation
6411,5119-NZPTV,validation
3085,5052-PNLOS,validation
6782,1596-OQSPS,validation
2033,8305-VHZBZ,validation
4868,2568-OIADY,validation
2108,0842-IWYCP,validation
3922,6173-GOLSU,validation
1856,4510-PYUSH,validation
3911,0991-BRRFB,validation
6027,4896-CPRPF,validation
3784,4958-XCBDQ,validation
2189,4195-PNGZS,validation
3823,9065-ZCPQX,validation
5754,1431-CYWMH,validation
145,5716-EZXZN,validation
4234,0307-BCOPK,validation
268,6323-AYBRX,validation
3881,2176-OSJUV,validation
1611,1971-DTCZB,validation
3826,3213-VVOLG,validation
3279,6064-PUPMC,validation
6855,8738-JOKAR,validation
1661,3761-FLYZI,validation
925,5393-HJZSM,validation
6577,6953-PBDIN,validation
2400,5141-ZUVBH,validation
4787,5542-DHSXL,validation
2830,1699-UOTXU,validation
4261,6195-MELTI,validation
3205,3810-DVDQQ,validation
6559,1427-VERSM,validation
147,2135-RXIHG,validation
806,7382-DFJTU,validation
4305,0559-CKHUS,validation
181,6582-OIVSP,validation
3654,8751-EDEKA,validation
6916,7242-EDTYC,validation
5344,6283-GITPX,validation
6536,3439-GVUSX,validation
1075,4194-WHFCB,validation
3231,9938-EKRGF,validation
5218,2923-ARZLG,validation
5828,0402-OAMEN,validation
6484,2911-IJORQ,validation
5136,3295-YVUSR,validation
5237,6261-LHRTG,validation
4444,0137-UDEUO,validation
6394,2680-XKKNJ,validation
3418,4176-FXYBO,validation
1244,2223-KAGMX,validation
687,0067-DKWBL,validation
3287,5828-AVIPD,validation
4630,1852-XEMDW,validation
4669,8701-DGLVH,validation
3162,6429-SHBCB,validation
62,0526-SXDJP,validation
5407,9786-YWNHU,validation
1100,9578-FOMUK,validation
3255,4827-LTQRJ,validation
6179,6328-ZPBGN,validation
3592,6128-CZOMY,validation
1975,4703-MQYKT,validation
6261,7268-WNTCP,validation
5355,4724-WXVWF,validation
2381,7649-PHJVR,validation
5596,5982-XMDEX,validation
5506,8048-DSDFQ,validation
3884,4521-YEEHE,validation
4782,6175-IRFIT,validation
3866,3129-AAQOU,validation
4237,6715-OFDBP,validation
989,3280-NMUVX,validation
736,6647-ZEDXT,validation
5295,2144-BFDSO,validation
6344,9286-DOJGF,validation
3869,1357-BIJKI,test
6455,2478-EEWWM,test
4273,3814-MLAXC,test
3337,0840-DFEZH,test
345,0021-IKXGC,test
47,7760-OYPDY,test
2674,1855-CFULU,test
7032,6894-LFHLY,test
2572,9153-BTBVV,test
221,4443-EMBNA,test
2974,1481-ZUWZA,test
4499,6178-KFNHS,test
4373,7632-YUTXB,test
3165,1834-WULEG,test
5102,9070-BCKQP,test
2140,3023-GFLBR,test
5285,9479-HYNYL,test
3446,2000-MPKCA,test
6694,4526-RMTLL,test
1235,1543-LLLFT,test
3070,7351-MHQVU,test
4635,9068-FHQHD,test
5940,9711-FJTBX,test
2414,9621-OUPYD,test
6486,2100-BDNSN,test
5032,5429-LWCMV,test
1683,0354-VXMJC,test
5078,9402-ROUMJ,test
884,5170-PTRKA,test
6046,2959-FENLU,test
3988,6194-HBGQN,test
724,5244-IRFIH,test
6234,5995-LFTLE,test
6677,1442-BQPVU,test
6348,1025-FALIX,test
6414,3472-QPRCH,test
4005,2565-JSLRY,test
1957,5619-PTMIK,test
4921,0089-IIQKO,test
1805,7860-KSUGX,test
4101,9780-FKVVF,test
3782,8800-JOOCF,test
29,8773-HHUOZ,test
509,1135-LMECX,test
2420,3694-DELSO,test
830,9101-BWFSS,test
3470,6483-OATDN,test
969,3158-MOERK,test
494,6579-JPICP,test
1632,1899-VXWXM,test
1209,8268-YDIXR,test
3484,2921-XWDJH,test
5663,2824-MYYBN,test
963,4849-PYRLQ,test
5562,8023-QHAIO,test
2934,0208-BPQEJ,test
3013,2065-MMKGR,test
2485,9921-ZVRHG,test
2961,6898-MDLZW,test
192,2984-RGEYA,test
627,6797-UCJHZ,test
4300,1131-ALZWV,test
3640,1771-OADNZ,test
3011,3352-RICWQ,test
1741,0106-GHRQR,test
3272,6772-KSATR,test
6200,7328-ZJAJO,test
4439,9950-MTGYX,test
6963,9547-ITEFG,test
6094,7493-GVFIO,test
5098,8258-GSTJK,test
1170,9127-FHJBZ,test
5789,2805-AUFQN,test
3775,1866-RZZQS,test
3720,1097-FSPVW,test
5730,7167-PCEYD,test
3058,2858-MOFSQ,test
4289,2228-BZDEE,test
2734,2371-JUNGC,test
6754,2775-SEFEE,test
3182,6568-POCUI,test
4177,3470-BTGQO,test
4178,1209-VFFOC,test
6044,1689-YQBYY,test
4590,4884-TVUQF,test
6511,5135-RDDQL,test
3638,7579-OOPEC,test
2328,4238-JSSWH,test
3553,6134-KWTBV,test
6250,3705-RHRFR,test
1850,3537-RYBHH,test
6778,5893-KCLGT,test
866,0979-MOZQI,test
4829,1600-DILPE,test
2129,9787-XVQIU,test
6538,5712-PTIWW,test
2823,4884-LEVMQ,test
5057,7354-OIJLX,test
5341,2982-IHMFT,test
3440,3508-VLHCZ,test
5030,6101-IMRMM,test
2655,9565-DJPIB,test
4880,1215-EXRMO,test
5849,0281-CNTZX,test
3562,1624-NALOJ,test
6257,1977-STDKI,test
167,5997-OPVFA,test
4894,0533-UCAAU,test
1486,5208-HFSBT,test
3653,8106-GWQOK,test
4677,8443-WVPSS,test
5858,8241-JUIQO,test
231,3316-UWXUY,test
2138,6288-CHQJB,test
6096,9605-WGJVW,test
1844,1265-HVPZB,test
4858,3950-VPYJB,test
1771,7156-MHUGY,test
5746,4817-QRJSX,test
2462,2585-KTFRE,test
5758,5847-MXBEO,test
5106,8878-RYUKI,test
4613,6987-XQSJT,test
4820,5641-DMBFJ,test
5687,9386-LDCZR,test
3188,0587-DMGBH,test
3156,9467-ROOLM,test
1398,3569-EDBPQ,test
1252,7617-EYGLW,test
3316,9139-TWBAS,test
2128,1163-ONYEY,test
3615,6900-PXRMS,test
582,2865-TCHJW,test
6465,8164-OCKUJ,test
1240,2120-SMPEX,test
4179,8224-DWCKX,test
375,7156-MXBJE,test
3035,7924-GJZFI,test
2894,8869-TORSS,test
3898,2332-TODQS,test
6112,5553-AOINX,test
3727,9057-SIHCH,test
5836,2862-JVEOY,test
462,0880-TKATG,test
5961,2049-BAFNW,test
6000,9503-XJUME,test
6939,2758-RNWXS,test
827,9146-JRIOX,test
5714,6108-OQZDQ,test
2451,3325-FUYCG,test
481,0447-BEMNG,test
6349,3451-VAWLI,test
672,3276-HDUEG,test
6691,8292-FRFZQ,test
3462,3834-XUIFC,test
573,4710-FDUIZ,test
3860,9862-KJTYK,test
356,3351-NGXYI,test
6398,3259-FDWOY,test
6892,1545-ACTAS,test
3995,0618-XWMSS,test
2831,2454-RPBRZ,test
4457,7611-YKYTC,test
4781,9814-AOUDH,test
994,7277-KAMWT,test
563,6103-LIANB,test
981,1106-HRLKZ,test
6482,5419-JPRRN,test
6194,2868-LLSKM,test
208,7825-ECJRF,test
2699,9508-ILZDG,test
1130,5859-HZYLF,test
493,5756-OZRIO,test
1560,7338-ERIVA,test
3970,2541-YGPKE,test
558,2501-XWWTZ,test
4913,4994-OBRSZ,test
2872,8148-NLEGT,test
4310,8908-NMQTX,test
5941,2908-ZTPNF,test
2106,4547-FZJWE,test
1253,2026-TGDHM,test
5409,6005-OBZPH,test
2364,4559-UWIHT,test
2518,0447-RXSGD,test
6425,9746-YKGXB,test
4830,0536-ESJEP,test
6624,9888-ZCUMM,test
4329,2979-SXESE,test
3675,9753-OYLBX,test
5821,9066-QRSDU,test
3233,0928-JMXNP,test
1828,1839-UMACK,test
5060,6133-OZILE,test
7021,1699-HPSBG,test
1713,1702-CCFNJ,test
220,9408-SSNVZ,test
1804,6016-LVTJQ,test
6534,5195-KPUNQ,test
6328,4701-LKOZD,test
2297,3870-MQAMG,test
605,4723-BEGSG,test
1712,6303-KFWSL,test
6350,3407-QGWLG,test
3071,9224-VTYID,test
6943,0032-PGELS,test
4576,3181-MIZBN,test
1035,1767-CJKBA,test
3510,3199-XGZCY,test
1241,0096-FCPUF,test
6749,8469-SNFFH,test
1078,9845-PEEKO,test
839,4625-LAMOB,test
4490,0442-ZXKVS,test
1296,6729-GDNGC,test
3549,6897-RWMUB,test
3586,8722-NGNBH,test
1067,7030-NJVDP,test
3800,7973-DZRKH,test
2394,8231-BSWXX,test
6391,4000-VGMQP,test
4224,7602-DBTOU,test
415,7916-VCCPB,test
1731,8375-DKEBR,test
4190,3737-GCSPV,test
4960,7480-QNVZJ,test
1670,5047-LHVLY,test
717,9944-AEXBM,test
3856,6710-HSJRD,test
6003,3779-OSWCF,test
3175,7395-IGJOS,test
1753,2057-BOYKM,test
2981,0397-ZXWQF,test
1936,2239-CGBUZ,test
3889,2592-HODOV,test
3963,3274-NSDWE,test
104,3192-NQECA,test
399,5876-QMYLD,test
5964,9782-LGXMC,test
5600,3799-ISUZQ,test
4548,5572-ZDXHY,test
6327,3736-BLEPA,test
1195,4468-KAZHE,test
1684,4422-QVIJA,test
3509,8710-YGLWG,test
2785,4016-BJKTZ,test
1774,5207-PLSTK,test
1923,7696-CFTAT,test
1944,0420-BWTPW,test
1927,4566-GOLUK,test
2290,7470-MCQTK,test
4568,3709-OIJEA,test
1215,9897-KXHCM,test
6276,5003-OKNNK,test
5264,9309-BZGNT,test
1775,2307-FYNNL,test
5894,7881-INRLC,test
4796,3807-BPOMJ,test
4452,6695-AMZUF,test
559,3716-UVSPD,test
632,1775-KWJKQ,test
3207,3694-GLTJM,test
412,5233-AOZUF,test
4804,5734-EJKXG,test
6151,3627-FCRDW,test
3425,0369-ZGOVK,test
1732,9705-IOVQQ,test
2337,4612-THJBS,test
773,5842-POCOP,test
6504,6110-OHIHY,test
366,9069-LGEUL,test
4075,3160-TYXLT,test
5431,5995-WWKKG,test
180,6317-YPKDH,test
2064,7061-OVMIM,test
357,8984-EYLLL,test
4477,6937-GCDGQ,test
4248,1020-JPQOW,test
168,3445-HXXGF,test
6223,2575-GFSOE,test
3088,5751-USDBL,test
3124,3889-VWBID,test
4227,5457-COLHT,test
6135,3726-TBHQT,test
6419,3865-ZYKAD,test
2603,0164-APGRB,test
5149,3970-XGJDU,test
5477,2725-TTRIQ,test
6091,3097-NQYSN,test
1353,7073-QETQY,test
3065,5133-POWUA,test
602,1096-ADRUX,test
5314,2535-PBCGC,test
3087,6979-ZNSFF,test
4663,0722-TROQR,test
486,9094-AZPHK,test
5089,0277-BKSQP,test
5016,4140-WJAWW,test
1518,1925-GMVBW,test
6604,7729-JTEEC,test
967,7764-BDPEE,test
2446,9492-TOKRI,test
4577,0471-ARVMX,test
5103,6421-SZVEM,test
863,9944-HKVVB,test
1820,7554-AKDQF,test
4923,6075-QMNRR,test
1585,4522-XRWWI,test
5271,6507-DTJZV,test
1303,0042-RLHYP,test
6989,1389-WNUIB,test
1044,3354-OADJP,test
5124,7267-FRMJW,test
5211,8382-SHQEH,test
943,6115-ZTBFQ,test
4157,1685-VAYJF,test
351,5160-UXJED,test
4251,6867-ACCZI,test
4707,0961-ZWLVI,test
3598,6185-TASNN,test
153,9073-ZZIAY,test
2212,8076-FEZKJ,test
1292,8390-FESFV,test
6199,2856-NNASM,test
4883,5233-GEEAX,test
5494,8837-VVWLQ,test
4698,8166-ZZTFS,test
3465,2831-EBWRN,test
3992,2987-BJXIK,test
5706,5196-SGOAK,test
5443,7109-MFBYV,test
6532,1763-KUAAW,test
2590,4526-ZJJTM,test
5028,0254-FNMCI,test
1695,4906-ZHGPK,test
6996,4174-LPGTI,test
2444,1254-IZEYF,test
2630,0014-BMAQU,test
6427,6000-UKLWI,test
4064,0374-AACSZ,test
4741,6583-KQJLK,test
5231,1075-BGWOH,test
2539,2050-ONYDQ,test
2435,9481-SFCQY,test
4379,7691-XVTZH,test
211,4195-NZGTA,test
5043,4325-NFSKC,test
696,0078-XZMHT,test
5565,5087-SUURX,test
3875,2403-BCASL,test
1446,8445-DNBAE,test
5046,7252-NTGSS,test
4925,5966-EMAZU,test
1581,2782-JEEBU,test
5510,6693-FRIRW,test
823,0295-QVKPB,test
3053,0960-HUWBM,test
1491,8605-ITULD,test
5430,6331-LWDTQ,test
3368,1370-GGAWX,test
5868,9214-EKVXR,test
755,6683-VLCTZ,test
3148,2452-SNHFZ,test
5399,2589-AYCRP,test
4050,2675-DHUTR,test
3319,3866-MDTUB,test
2648,6131-FOYAS,test
5584,6330-JKLPC,test
6590,1031-IIDEO,test
0,7590-VHVEG,test
3002,9513-DXHDA,test
1516,6198-RTPMF,test
1499,1728-CXQBE,test
1894,9281-PKKZE,test
5695,1813-JYWTO,test
137,3774-VBNXY,test
3997,6023-GSSXW,test
4897,2533-TIBIX,test
3022,1796-JANOW,test
4466,4806-KEXQR,test
3145,2919-HBCJO,test
424,8111-BKVDS,test
2577,4910-GMJOT,test
1033,2632-TACXW,test
429,6152-ONASV,test
233,7083-MIOPC,test
3257,5482-VXSXJ,test
1461,6234-PFPXL,test
3411,7056-IMHCC,test
4225,5345-BMKWB,test
6165,0644-OQMDK,test
1854,6702-OHFWR,test
3776,6968-URWQU,test
5414,2722-VOJQL,test
4827,9560-ARGQJ,test
5132,3850-OKINF,test
1413,1830-GGFNM,test
1064,3800-LYTRK,test
1213,6980-IMXXE,test
1438,5777-KJIRB,test
3309,6061-PQHMK,test
4399,3086-RUCRN,test
5968,9033-EOXWV,test
4221,7926-IJOOU,test
2979,8996-ZROXE,test
6166,4077-CROMM,test
5524,1716-LSAMB,test
2061,4958-GZWIY,test
280,0314-TKOSI,test
2789,0581-MDMPW,test
3494,5569-KGJHX,test
3192,1231-YNDEK,test
2345,7874-ECPQJ,test
3623,9819-FBNSV,test
5908,4786-UKSNZ,test
5927,6080-LNESI,test
6424,6034-ZRYCV,test
4059,3415-TAILE,test
89,3016-KSVCP,test
317,2321-OMBXY,test
1340,1371-DWPAZ,test
5071,1746-TGTWV,test
1055,3486-NPGST,test
1782,8623-ULFNQ,test
3469,9402-ORRAH,test
4015,8570-KLJYJ,test
3447,9762-YAQAA,test
2254,7322-OCWHC,test
2353,2789-HQBOU,test
4133,2208-UGTGR,test
1384,4704-ERYFC,test
332,2379-GYFLQ,test
3477,7801-KICAO,test
2646,5893-PYOLZ,test
3206,6972-SNKKW,test
3646,9738-QLWTP,test
1468,9480-BQJEI,test
882,3908-BLSYF,test
1307,1866-NXPSP,test
3111,8809-RIHDD,test
1014,4695-VADHF,test
3943,8720-RQSBJ,test
1521,9207-ZPANB,test
816,6275-YDUVO,test
4721,4211-MMAZN,test
3350,7663-RGWBC,test
4235,7629-WFGLW,test
6530,0230-UBYPQ,test
1624,2929-QNSRW,test
2995,2209-XADXF,test
1749,1320-REHCS,test
3708,6698-OXETB,test
2115,8984-HPEMB,test
3771,5960-WPXQM,test
2240,3398-GCPMU,test
4401,7576-JMYWV,test
6357,8079-XRJRS,test
738,1307-TVUFB,test
2583,6463-MVYRY,test
2628,2792-LSHWX,test
266,6292-TOSSS,test
703,6942-LBFDP,test
5496,2208-NKVVH,test
6221,0042-JVWOJ,test
5639,6490-FGZAT,test
3072,9500-IWPXQ,test
3409,4806-DXQCE,test
487,3649-JPUGY,test
859,5275-PMFUT,test
3918,6319-IEJWJ,test
4407,1850-AKQEP,test
422,7663-ZTEGJ,test
2760,9534-NSXEM,test
1448,2958-NHPPS,test
2121,0673-IGUQO,test
5087,8739-QOTTN,test
5594,0027-KWYKW,test
4219,5176-LDKUH,test
1836,6365-MTGZX,test
6974,0422-UXFAP,test
5628,6821-BUXUX,test
6502,6103-QCKFX,test
4340,4468-YDOVK,test
3344,6347-DCUIK,test
1364,1084-MNSMJ,test
6454,2669-QVCRG,test
1678,1060-ENTOF,test
4495,4702-IOQDC,test
443,2937-FTHUR,test
1785,1568-LJSZU,test
7017,4807-IZYOZ,test
3815,9306-CPCBC,test
2991,2207-QPJED,test
915,6513-EECDB,test
1399,3131-NWVFJ,test
660,5650-VDUDS,test
1986,7710-JSYOA,test
1851,2485-ITVKB,test
5377,8313-KTIHG,test
801,1450-GALXR,test
1495,4472-VESGY,test
5848,9958-MEKUC,test
91,2424-WVHPL,test
2040,7398-HPYZQ,test
2877,0310-MVLET,test
2384,2573-GYRUU,test
552,2075-PUEPR,test
5597,6284-AHOOQ,test
3230,8043-PNYSD,test
142,1095-WGNGG,test
3731,2897-DOVND,test
1883,8840-DQLGN,test
514,2475-MROZF,test
3919,9025-AOMKI,test
165,6345-FZOQH,test
652,5845-BZZIB,test
4480,7908-QCBCA,test
5657,3096-GKWEB,test
6144,2322-VCZHZ,test
3095,0315-LVCRK,test
6718,8676-TRMJS,test
2338,4277-BWBML,test
6310,5872-OEQNH,test
5574,5546-BYZSM,test
3927,4390-KYULV,test
2030,3090-LETTY,test
3438,5955-ERIHD,test
5906,1965-AKTSX,test
2921,0564-JJHGS,test
6267,0328-GRPMV,test
4969,2303-PJYHN,test
291,3727-OWVYD,test
3161,1345-ZUKID,test
712,9661-JALZV,test
310,1098-TDVUQ,test
56,8769-KKTPH,test
4435,5453-AXEPF,test
6751,1241-FPMOF,test
4082,0112-QWPNC,test
6912,2215-ZAFGX,test
2295,2672-DZUOY,test
3078,5277-ZLOOR,test
2229,3496-LFSZU,test
5072,5995-SNNEW,test
3258,7365-BVCJH,test
1553,7776-QGYJC,test
1538,6326-MTTXK,test
3644,8219-VYBVI,test
4819,0607-DAAHE,test
1369,5478-JJVZK,test
3642,2107-FBPTK,test
4109,0746-JTRFU,test
2382,6114-TCFID,test
1409,5977-CKHON,test
4617,3007-FDPEA,test
3502,6738-ISCBM,test
2930,5322-ZSMZY,test
2286,1465-LNTLJ,test
2075,7901-TBKJX,test
2468,2636-OHFMN,test
648,5644-PDMZC,test
690,8262-COGGB,test
4615,9499-XPZXM,test
111,4549-ZDQYY,test
1271,4598-ZADCK,test
2601,7730-CLDSV,test
4111,7184-LRUUR,test
2497,5702-SKUOB,test
4962,7088-FBAWU,test
5404,8910-ICHIU,test
38,5380-WJKOV,test
2860,2452-KDRRH,test
5483,5536-SLHPM,test
4006,2607-DHDAK,test
6752,9928-BZVLZ,test
1967,0565-IYCGT,test
3338,1513-XNPPH,test
2293,9339-FIIJL,test
6673,3798-EPWRR,test
3840,1080-BWSYE,test
5433,7879-CGSFV,test
3946,5154-VEKBL,test
726,4950-HKQTE,test
4508,3530-VWVGU,test
5768,8679-LZBMD,test
265,0123-CRBRT,test
6281,7435-ZNUYY,test
1669,5405-ZMYXQ,test
6689,8561-NMTBD,test
5839,2077-MPJQO,test
5717,8169-SAEJD,test
733,7564-GHCVB,test
2817,0936-NQLJU,test
2096,0761-AETCS,test
1077,4361-BKAXE,test
2150,5628-FCGYG,test
327,5804-LEPIM,test
6645,8006-PYCSW,test
5334,6386-SZZKH,test
3951,5915-ANOEI,test
1885,7217-JYHOQ,test
6237,7153-OANIO,test
2397,3722-WPXTK,test
385,4895-TMWIR,test
5635,2087-QAREY,test
1063,7143-BQIBA,test
1918,2801-NISEI,test
3588,9643-YBLUR,test
707,8329-UTMVM,test
4198,1207-BLKSA,test
3512,6814-ZPWFQ,test
3634,3258-SYSWS,test
5294,2927-CVULT,test
3185,9907-SWKKF,test
5566,2302-OUZXB,test
5052,3255-GRXMG,test
6852,2408-PSJVE,test
4914,0562-FGDCR,test
2057,2189-UXTKY,test
3100,7271-AJDTL,test
2164,5453-YBTWV,test
2401,1089-HDMKP,test
4256,8207-VVMYB,test
5552,6072-NUQCB,test
4174,3285-UCQVC,test
5998,0442-TDYUO,test
6560,9801-NOSHQ,test
440,0771-WLCLA,test
3994,0406-BPDVR,test
1909,3750-YHRYO,test
4451,1608-GMEWB,test
4410,0848-ZGQIJ,test
5700,3312-ZWLGF,test
3007,6022-UGGSO,test
2815,0772-GYEQQ,test
5230,5887-IKKYO,test
3540,1053-MXTTK,test
3930,8849-PRIQJ,test
3249,4324-BZCKL,test
151,3874-EQOEP,test
4267,1227-UDMZR,test
5374,8065-YKXKD,test
4621,0311-QYWSS,test
4920,0264-CNITK,test
2900,0679-IDSTG,test
6936,7693-LCKZL,test
6078,9691-HKOVS,test
3215,3481-JHUZH,test
4265,2632-UCGVD,test
1735,2040-XBAVJ,test
6376,1302-TPUBN,test
3711,4877-TSOFF,test
6890,7470-DYNOE,test
765,4718-DHSMV,test
6803,5681-LLOEI,test
7003,4501-VCPFK,test
4773,8627-EHGIP,test
6017,4482-FTFFX,test
6150,5222-IMUKT,test
4087,3847-BAERP,test
6475,5448-VWNAM,test
3924,7716-YTYHG,test
1540,2796-UUZZO,test
4601,3932-IJWDZ,test
6701,0516-OOHAR,test
2542,4826-DXMUP,test
3024,8735-NBLWT,test
6633,4415-IJZTP,test
1132,5293-WXJAK,test
5610,1320-HTRDR,test
3335,9817-APLHW,test
2371,2712-SYWAY,test
3302,7774-OJSXI,test
4696,9128-CPXKI,test
6364,9717-IOAAF,test
1848,7190-XHTWJ,test
6582,9558-IHEZX,test
1827,2959-EEXWB,test
3767,9351-HXDMR,test
557,1154-HYWWO,test
1266,1251-STYSZ,test
1161,5868-CZJDR,test
6839,4078-SAYYN,test
98,3212-KXOCR,test
5208,6502-KUGLL,test
497,0505-SPOOW,test
6843,9940-HPQPG,test
4946,2612-RRIDN,test
6177,1260-TTRXI,test
7000,0052-YNYOT,test
772,3900-AQPHZ,test
3538,9028-LIHRP,test
1311,3941-XTSKM,test
5822,9112-WSNPU,test
2756,5624-BQSSA,test
6738,3590-TCXTB,test
5879,6603-YRDCJ,test
1733,1015-OWJKI,test
6528,4957-SREEC,test
6360,8073-IJDCM,test
203,7018-WBJNK,test
5455,9970-QBCDA,test
3471,1293-HHSHJ,test
6334,4129-LYCOI,test
4582,6122-LJADA,test
5190,3001-UNBTL,test
1688,4735-BJKOU,test
895,0730-KOAVE,test
3037,8512-WIWYV,test
881,3523-BRGUW,test
1736,7551-JOHTI,test
6572,6258-PVZWJ,test
6657,0048-PIHNL,test
2450,7602-MVRMB,test
5643,0231-LXVAP,test
2417,4307-KWMXE,test
2923,4402-FTBXC,test
4315,9019-QVLZD,test
5891,4905-JEFDW,test
5943,2202-CUYXZ,test
3086,3853-LYGAM,test
2579,4361-FEBGN,test
488,4472-LVYGI,test
5467,9770-KXGQU,test
6905,4459-BBGHE,test
4024,1329-VHWNP,test
5512,3173-NVMPX,test
3209,8149-RSOUN,test
240,7301-ABVAD,test
4643,1230-QAJDW,test
592,0459-SPZHJ,test
76,6416-JNVRK,test
3252,1536-YHDOE,test
6133,9638-JIQYA,test
5181,5727-MYATE,test
2107,7422-WNBTY,test
6160,0725-CXOTM,test
1803,2773-MADBQ,test
4627,3680-CTHUH,test
349,4654-DLAMQ,test
2664,6242-SGYTS,test
112,5712-AHQNN,test
6474,7196-LIWRH,test
2484,6476-EPYZR,test
4979,9593-CVZKR,test
176,2656-FMOKZ,test
6867,5146-YYFRZ,test
408,4800-VHZKI,test
1545,5193-QLVZB,test
1099,6921-OZMFH,test
2550,8129-GMVGI,test
2687,5213-TWWJU,test
7041,8361-LTMKD,test
3276,4210-QFJMF,test
3582,6357-JJPQT,test
6473,9223-UCPVT,test
6947,2898-MRKPI,test
6325,4558-FANTW,test
5696,0156-FVPTA,test
6643,3411-WLRSQ,test
3312,9122-UMROB,test
6610,9696-RMYBA,test
3964,2632-IVXVF,test
2367,0235-KGSLC,test
4717,9356-AXGMP,test
6953,1564-NTYXF,test
937,6400-BWQKW,test
4640,1853-UDXBW,test
1608,2387-KDZQY,test
1617,4939-KYYPY,test
5144,1078-TDCRN,test
4454,8410-BGQXN,test
5311,8053-WWDRO,test
1137,0831-JNISG,test
939,0347-UBKUZ,test
5514,0623-GDISB,test
1474,9495-SKLKD,test
3893,5816-SCGFC,test
6440,2809-ZMYOQ,test
4845,0056-EPFBG,test
1949,8466-PZBLH,test
5804,1555-HAPSU,test
680,1448-PWKYE,test
2256,4957-TIALW,test
6148,8990-YOZLV,test
5324,7901-IIDQV,test
2723,1866-ZSLJM,test
2025,1488-PBLJN,test
1838,8058-DMYRU,test
667,5533-RJFTJ,test
6893,5876-HZVZM,test
6170,2220-IAHLS,test
4847,8696-JKZNU,test
6523,2834-JKOOW,test
6470,4544-RXFMG,test
1338,1934-SJVJK,test
6698,6906-MPARY,test
6588,3389-KTRXV,test
780,5676-CFLYY,test
621,0516-UXRMT,test
630,5099-BAILX,test
6869,5906-CVLHP,test
6447,8782-NUUOL,test
6717,3768-NLUBH,test
4230,5108-ADXWO,test
818,0115-TFERT,test
3571,8980-WQFWL,test
2585,9624-EGDEQ,test
6311,3162-KKZXO,test
1864,7105-MXJLL,test
5290,0774-RMNUW,test
6448,3685-YLCMQ,test
5602,9152-AMKAK,test
1175,1346-UFHAX,test
5550,8746-BFOAJ,test
1217,0784-GTUUK,test
3600,8623-TMRBY,test
4397,7663-YJHSN,test
3364,5519-YLDGW,test
1306,0201-OAMXR,test
5429,9488-FVZCC,test
5790,0980-PVMRC,test
1206,6077-BDPXA,test
4437,3716-LRGXK,test
3104,6860-YRJZP,test
1603,7459-RRWQZ,test
2813,6484-LATFU,test
1344,0536-BGFMZ,test
309,4091-TVOCN,test
1717,0404-AHASP,test
4612,6723-CEGQI,test
5315,2082-CEFLT,test
5571,9107-UKCKY,test
6591,5832-XKAES,test
2873,0148-DCDOS,test
3277,4323-ELYYB,test
2015,5155-AZQPB,test
469,4640-UHDOS,test
6412,6519-ZHPXP,test
4034,4608-LCIMN,test
6512,1353-LJWEM,test
308,3167-SNQPL,test
6625,3398-FSHON,test
3427,9919-KNPOO,test
1002,8120-JDCAM,test
5627,9334-GWGOW,test
4810,1112-CUNAO,test
3962,8972-HJWNV,test
1025,7868-TMWMZ,test
6736,7558-IMLMT,test
2463,7994-UYIVZ,test
1746,3963-RYFNS,test
274,5940-AHUHD,test
298,2985-JUUBZ,test
867,2732-ISEZX,test
1327,4791-QRGMF,test
3217,3594-IVHJZ,test
598,1710-RCXUS,test
4447,7821-DPRQE,test
4295,3740-RLMVT,test
6252,9074-KGVOX,test
1840,6990-YNRIO,test
5138,4119-ZYPZY,test
7014,9053-EJUNL,test
972,0556-FJEGU,test
5583,2657-ALMWY,test
209,1347-KTTTA,test
234,1984-GPTEH,test
3421,6719-FGEDO,test
6303,6308-CQRBU,test
1634,9995-HOTOH,test
5599,2344-JMOGN,test
4180,5482-PLVPE,test
1845,4115-UMJFQ,test
6860,0402-CQAJN,test
3128,2739-CCZMB,test
3522,0969-RGKCU,test
3541,1530-ZTDOZ,test
127,6734-PSBAW,test
5546,7880-XSOJX,test
6586,6813-GZQCG,test
502,3957-HHLMR,test
5985,3585-YNADK,test
1418,9350-VLHMB,test
3564,7820-ZYGNY,test
920,7471-WNSUF,test
1166,7129-ACFOG,test
2862,5027-QPKTE,test
3812,8573-JGCZW,test
1236,5835-BEQEU,test
3636,6319-QSUSR,test
2112,8383-SGHJU,test
1919,3946-MHCZW,test
1476,5067-DGXLL,test
6296,4023-RTIQM,test
1960,5846-QFDFI,test
668,3859-CVCET,test
6811,8992-JQYUN,test
1627,5035-BVCXS,test
1725,5935-FCCNB,test
1205,6358-LYNGM,test
66,8627-ZYGSZ,test
4306,2931-SVLTV,test
4557,5944-UGLLK,test
5816,0374-IOEGQ,test
72,1891-QRQSA,test
1626,9504-DSHWM,test
339,1343-EHPYB,test
1644,3331-HQDTW,test
3804,9773-PEQBZ,test
5593,4508-OEBEY,test
1356,0196-JTUQI,test
611,4765-OXPPD,test
5187,2080-CAZNM,test
6178,3719-TDVQB,test
1309,7831-QGOXH,test
1208,5494-HECPR,test
3389,9617-INGJY,test
6108,4819-HJPIW,test
3950,5655-JSMZM,test
5213,7668-XCFYV,test
2,3668-QPYBK,test
3166,9097-ZUBYC,test
1405,6960-HVYXR,test
5320,5338-YHWYT,test
7038,6840-RESVB,test
2024,8272-ONJLV,test
5412,3733-UOCWF,test
3153,9099-FTUHS,test
1872,9938-PRCVK,test
6802,5626-MGTUK,test
1238,5565-FILXA,test
3254,3629-ZNKXA,test
1321,3161-ONRWK,test
2377,9308-ANMVE,test
1422,3870-SPZSI,test
5531,2137-DQMEV,test
5093,2676-SSLTO,test
1308,3372-KWFBM,test
1141,1641-BYBTK,test
3926,7950-XWOVN,test
6987,5981-ZVXOT,test
4154,4229-CZMLL,test
6184,3413-CSSTH,test
5202,8591-TKMZH,test
5378,5320-BRKGK,test
6856,4534-WGCIR,test
3560,4452-QIIEB,test
4748,3125-RAHBV,test
5886,1709-EJDOX,test
523,6825-UYPFK,test
4694,0594-UFTUL,test
3620,9373-WSLOY,test
5472,4277-UDIEF,test
5844,2905-KFQUV,test
2765,9506-UXUSK,test
4611,0626-QXNGV,test
4392,3373-YZZYM,test
3655,6878-GGDWG,test
536,0621-HJWXJ,test
1943,7442-YGZFK,test
2389,6161-ERDGD,test
2596,5837-LXSDN,test
1903,3318-NMQXL,test
3757,4615-PIVVU,test
3783,1469-LBJQJ,test
2436,6360-SVNWV,test
6804,8212-DJRCH,test
5751,0932-YIXYU,test
865,3671-SHRSP,test
6159,5857-XRECV,test
42,9867-JCZSP,test
2818,4831-EOBFE,test
472,1304-BCCFO,test
3745,2645-QTLMB,test
1178,0125-LZQXK,test
5018,6928-ONTRW,test
6304,2754-XBHTB,test
68,3170-NMYVV,test
5925,1840-BIUOG,test
807,2798-NYLMZ,test
1198,5542-NKVRU,test
1386,8060-HIWJJ,test
6208,0909-SELIE,test
4573,6855-VLGOS,test
2874,8347-GDTMP,test
5488,7856-GANIL,test
2964,9357-UJRUN,test
4595,2211-RMNHO,test
2098,4137-BTIKL,test
6962,0886-QGENL,test
1117,6900-RBKER,test
5977,0780-XNZFN,test
4623,8755-IWJHN,test
893,9227-LUNBG,test
5244,6233-HXJMX,test
2209,4365-MSDYN,test
6670,4075-WKNIU,test
297,6851-WEFYX,test
6256,3751-KTZEL,test
3506,2916-BQZLN,test
583,1423-BMPBQ,test
5253,2851-STERV,test
5017,2073-QBVBI,test
3415,1625-JAIIY,test
6449,7601-WFVZV,test
2575,5186-PEIZU,test
2067,4832-VRBMR,test
1441,2480-EJWYP,test
734,1173-NOEYG,test
6024,5095-AESKG,test
6134,3258-SANFR,test
3641,0487-CRLZF,test
2762,8929-KSWIH,test
6702,2027-CWDNU,test
2300,4800-CZMPC,test
4525,6578-KRMAW,test
4766,1043-UXOVO,test
1106,4159-NAAIX,test
3614,8039-EQPIM,test
5332,4565-EVZMJ,test
2801,1017-FBQMM,test
3082,3401-URHDA,test
826,3643-AHCFP,test
1929,2018-QKYGT,test
1464,4283-IVYCI,test
4160,5049-MUBWG,test
1435,9052-VKDUW,test
4672,8082-GHXOP,test
4966,3097-IDVPU,test
4976,8165-CBKXO,test
6758,7956-XQWGU,test
3580,0260-ZDLGK,test
5025,7326-RIGQZ,test
4328,1101-SSWAG,test
1048,2829-HYVZP,test
2503,9067-SQTNS,test
4788,9102-OXKFY,test
6095,0690-SRQID,test
3014,5857-TYBCJ,test
289,3580-REOAC,test
6618,8404-FYDIB,test
5131,5980-NOPLP,test
90,4767-HZZHQ,test
2020,2546-KZAAT,test
5487,5519-TEEUH,test
3314,2402-TAIRZ,test
2965,1591-NFNLQ,test
3749,4424-TKOPW,test
6616,9600-NAXZN,test
6965,7789-CRUVC,test
2948,2845-AFFTX,test
277,3179-GBRWV,test
5015,0708-SJDIS,test
4342,5792-JALQC,test
3584,9552-TGUZV,test
3957,2019-HDCZY,test
3025,6651-RLGGM,test
6570,9626-WEQRM,test
5805,1697-NVVGY,test
5812,3422-LYEPQ,test
2569,8237-ULIXL,test
337,2088-IEBAU,test
2945,3987-KQDDU,test
561,7343-EOBEU,test
6789,7839-QRKXN,test
7006,0093-XWZFY,test
2560,8178-EYZUO,test
6853,9079-YEXQJ,test
5286,3235-ETOOB,test
1571,2812-SFXMJ,test
2530,0722-SVSFK,test
5952,4430-YHXGG,test
4252,5939-XAIXZ,test
3762,0430-IHCDJ,test
6509,0616-ATFGB,test
6452,9529-OFXHY,test
6409,3653-NCRDJ,test
1973,9675-ICXCT,test
3361,8659-HDIYE,test
4780,5895-QSXOD,test
288,3488-PGMQJ,test
52,6575-SUVOI,test
1575,2003-CKLOR,test
4786,6749-UTDVX,test
5667,6469-QJKZW,test
5114,5371-VYLSX,test
6269,2946-KIQSP,test
1976,9497-QCMMS,test
6872,5297-MDOIR,test
4563,4547-KQRTM,test
2238,1393-IMKZG,test
3853,7128-GGCNO,test
439,3577-AMVUX,test
7036,7750-EYXWZ,test
1229,9068-VPWQQ,test
6721,6898-RBTLU,test
4526,4860-IJUDE,test
3210,9055-MOJJJ,test
4634,9426-SXNHE,test
5930,8398-TBIYD,test
3993,9769-TSBZE,test
2725,4236-UJPWO,test
3861,0479-HMSWA,test
539,5394-MEITZ,test
4017,9473-CBZOP,test
5179,9048-JVYVF,test
1375,1839-FBNFR,test
6307,3043-SUDUA,test
5971,9800-OUIGR,test
941,0811-GSDTP,test
4035,1485-YDHMM,test
5164,6135-OZQVA,test
2890,1732-VHUBQ,test
3117,9844-FELAJ,test
5579,2225-ZRGSG,test
5673,6260-XLACS,test
5457,9496-IVVRP,test
4854,1337-BOZWO,test
4223,4029-HPFVY,test
1115,1271-UODNO,test
1177,2933-XEUJM,test
436,4980-URKXC,test
2506,8735-SDUFN,test
6460,8761-NSOBC,test
5222,6854-EXGSF,test
2895,7446-SFAOA,test
5216,3034-ZBEQN,test
4121,0576-WNXXC,test
6438,3551-HUAZH,test
4394,0228-MAUWC,test
2958,2576-HXMPA,test
5394,5118-MUEYH,test
5761,1116-FRYVH,test
853,7905-TVXTA,test
1429,4652-ODEVH,test
5814,0787-LHDYT,test
6951,9588-YRFHY,test
3374,7580-UGXNC,test
2742,3948-KXDUF,test
2198,9798-DRYDS,test
3428,8749-JMNKX,test
4859,8041-TMEID,test
5563,4397-FRLTA,test
1451,6890-PFRQX,test
5955,7169-YWAMK,test
2314,8197-BFWVU,test
5480,2275-RBYQS,test
6529,7235-NXZCP,test
1442,3253-HKOKL,test
527,3571-DPYUH,test
19,4183-MYFRB,test
4279,8815-LMFLX,test
2412,1623-NLDOT,test
4494,0225-ZORZP,test
6435,0298-XACET,test
243,9058-HRZSV,test
1366,7249-WBIYX,test
1144,0841-NULXI,test
862,0947-MUGVO,test
2549,0188-GWFLE,test
4145,8474-UMLNT,test
6375,9894-EZEWG,test
4044,2126-GSEGL,test
2060,5248-KWLAR,test
2826,3638-DIMPH,test
5095,7269-JISCY,test
2147,2023-VQFDL,test
1720,6407-UTSLV,test
5671,6370-ZVHDV,test
2774,9375-MHRRS,test
2310,4967-WPNCF,test
6282,1354-YZFNB,test
5637,4423-JWZJN,test
4667,5537-UXXVS,test
3402,4951-UKAAQ,test
6016,4250-ZBWLV,test
5453,4012-YCFAI,test
6492,9548-LERKT,test
1103,7722-CVFXN,test
5338,2580-ASVVY,test
5629,5028-HTLJB,test
3388,8498-XXGWA,test
4657,6743-HHQPF,test
4313,6288-LBEAR,test
4493,8606-OEGQZ,test
1791,2348-KCJLT,test
5924,2236-HILPA,test
1962,3511-APPBJ,test
3481,7339-POGZN,test
4797,3892-NXAZG,test
2490,7641-TQFHN,test
4320,5324-KTGCG,test
5841,7136-RVDTZ,test
6014,0956-ACVZC,test
27,8665-UTDHZ,test
3393,4683-WYDOU,test
999,3234-VKACU,test
435,2320-SLKMB,test
951,8584-KMVXD,test
187,8167-GJLRN,test
6641,2810-FTLEM,test
1390,8039-ACLPL,test
6298,7356-IWLFW,test
3294,1086-LXKFY,test
1463,4763-PGDPO,test
6206,2279-AXJJK,test
2891,0495-RVCBF,test
3261,2378-YIZKA,test
1693,7359-WWYJV,test
6933,6502-MJQAE,test
5004,2067-QYTCF,test
2263,2506-CLAKW,test
828,3104-OWCGK,test
4489,8259-DZLIZ,test
4019,6615-NGGZJ,test
5333,3143-JQEGI,test
3529,2880-FPNAE,test
2194,2514-GINMM,test
4474,1139-WUOAH,test
360,9294-TDIPC,test
2694,2466-NEJOJ,test
2623,3130-ICDUP,test
1939,8267-KFGYD,test
3451,5397-TUPSH,test
5675,4983-CCWMC,test
1694,0375-HVGXO,test
3495,4988-IQIGL,test
4228,6416-TVAIH,test
3827,6870-ECSHE,test
2790,5013-SBUIH,test
335,4322-RCYMT,test
6681,1389-CXMLU,test
1300,1291-CUOCY,test
281,8229-MYEJZ,test
2993,2239-CFOUJ,test
4789,0511-JTEOY,test
5922,5965-GGPRW,test
4322,7394-LWLYN,test
5691,5619-XZZKR,test
2650,5609-IMCGG,test
2349,9548-ZMVTX,test
3680,0836-SEYLU,test
776,9505-SQFSW,test
804,3138-BKYAV,test
3278,4293-ETKAP,test
1424,7560-QRBXH,test
2344,9796-MVYXX,test
6913,8213-TAZPM,test
3372,2883-ILGWO,test
798,3807-XHCJH,test
1593,0620-XEFWH,test
2563,5130-IEKQT,test
3807,8625-AZYZY,test
1069,8883-GRDWQ,test
3163,9281-OFDMF,test
5933,6496-SLWHQ,test
3676,2364-UFROM,test
6458,9644-UMGQA,test
4750,0373-AIVNJ,test
6259,2661-GKBTK,test
2822,9170-GYZJC,test
6141,5385-SUIRI,test
2130,8945-MUQUF,test
2588,5780-INQIK,test
2807,1015-JPFYW,test
2078,7746-QYVCO,test
5437,7000-WCEVQ,test
4515,9274-UARKJ,test
6946,9013-AQORL,test
3796,8614-VGMMV,test
784,5125-CNDSP,test
5508,6010-DDPPW,test
3248,7779-LGOVN,test
1179,5461-QKNTN,test
6483,3644-QXEHN,test
2689,8628-MFKAX,test
6125,0871-URUWO,test
3075,5569-IDSEY,test
6020,0020-JDNXP,test
6954,9364-YKUVW,test
2208,7216-EWTRS,test
2388,9822-OAOVB,test
728,2684-EIWEO,test
321,9880-TDQAC,test
5543,6646-JPPHA,test
2543,0952-KMEEH,test
4727,3154-HMWUU,test
191,2472-OVKUP,test
3286,3318-OSATS,test
2840,7299-GNVPL,test
1154,8292-ITGYJ,test
307,4115-BNPJY,test
1658,1228-FZFRV,test
4629,6112-KTHFQ,test
6445,5339-PXDVH,test
1312,1661-CZBAU,test
6416,9610-WCESF,test
6373,0943-ZQPXH,test
3115,4822-NGOCH,test
3386,1474-JUWSM,test
2111,3373-DIUUN,test
5704,0168-XZKBB,test
6459,3256-EZDBI,test
2026,0308-GIQJT,test
2047,8543-MSDMF,test
6104,7356-AYNJP,test
6283,6956-SMUCM,test
6537,1444-VVSGW,test
6773,3990-QYKBE,test
6693,7895-VONWT,test
1249,2833-SLKDQ,test
6371,1535-VTJOQ,test
5963,7163-OCEQI,test
674,0823-HSCDJ,test
4498,0967-BMLBD,test
3818,8819-ZBYNA,test
94,9848-JQJTX,test
285,6202-DYYFX,test
1367,4238-HFHSN,test
3847,8439-LTUGF,test
2008,9430-FRQOC,test
4013,9667-TKTVZ,test
1948,8183-ONMXC,test
1811,2070-XYMFH,test
1060,6100-FJZDG,test
6434,6608-QQLVK,test
6753,4114-QMKVN,test
6233,6394-HHHZM,test
6505,7018-FPXHH,test
4901,3765-JXVKY,test
3550,0963-ZBDRN,test
5391,8124-NZVGJ,test
6585,4955-VCWBI,test
5859,2194-IIQOF,test
6678,3978-YNKDD,test
102,7123-WQUHX,test
4682,0504-HHAPI,test
2554,5843-TTHGI,test
1548,5522-NYKPB,test
1650,3049-NDXFL,test
2404,5197-PYEPU,test
3843,0812-WUPTB,test
5830,6754-WKSHP,test
971,5002-GCQFH,test
5490,2676-OXPPQ,test
5870,0568-ONFPC,test
4625,4480-QQRHC,test
87,1862-QRWPE,test
2073,3061-BCKYI,test
4821,9200-NLNPD,test
2466,7717-BICXI,test
3351,1120-BMWUB,test
3956,4587-VVTOX,test
1858,7517-SAWMO,test
2516,8245-UMPYT,test
4602,1240-HCBOH,test
3718,8468-EHYJA,test
6130,5614-DNZCE,test
4492,3120-FAZKD,test
460,4719-UMSIY,test
6699,3662-FXJFO,test
5296,8745-PVESG,test
1523,9327-QSDED,test
4464,3018-TFTSU,test
5020,5231-FIQPA,test
1685,9365-SRSZE,test
1088,7029-RPUAV,test
7028,9281-CEDRU,test
1074,2111-DWYHN,test
6481,9389-ACWBI,test
6154,8901-UPRHR,test
2302,7579-KKLOE,test
6948,2750-BJLSB,test
5219,3976-NLDEZ,test
4049,6199-IWKGC,test
1700,6961-MJKBO,test
5622,4391-RESHN,test
2019,7694-VLBWQ,test
433,2957-LOLHO,test
973,8919-FYFQZ,test
4903,7330-WZLNC,test
763,1266-NZYUI,test
3722,8328-SKJNO,test
6069,8097-OMULG,test
1900,0754-EEBDC,test
2306,7245-NIIWQ,test
82,9191-MYQKX,test
2369,9570-KYEUA,test
1231,0384-RVBPI,test
2072,5986-WWXDV,test
3322,8058-JMEQO,test
2230,5242-UOWHD,test
4898,8993-PHFWD,test
392,0224-RLWWD,test
1992,3365-SAIGS,test
3814,6701-YVNQG,test
6878,2990-HWIML,test
4450,4925-LMHOK,test
2707,7938-OUHIO,test
1654,2967-MXRAV,test
6417,9776-CLUJA,test
5292,0756-MPZRL,test
5556,5364-EVNIB,test
4980,8595-SIZNC,test
267,3197-ARFOY,test
5723,7824-PANSQ,test
665,2800-VEQXM,test
3480,6060-QBMGV,test
